Wavelength,415,416,417,418,423,458,459
370.89313,3.25825,3.19721,3.61968,3.73495,3.28818,3.25217,2.53371
372.4809,3.25865,3.20574,3.61959,3.73361,3.28686,3.25514,2.53627
374.06863,3.2591,3.21429,3.61955,3.73233,3.28555,3.25813,2.5389
375.65637,3.25959,3.22282,3.61954,3.7311,3.28425,3.26111,2.54164
377.24414,3.26008,3.23133,3.61957,3.72992,3.28295,3.26406,2.54455
378.83188,3.26058,3.2398,3.61963,3.72877,3.28164,3.26695,2.54766
380.41962,3.26105,3.24819,3.61972,3.72767,3.28031,3.26977,2.55101
382.00739,3.26149,3.25651,3.61983,3.7266,3.27895,3.27249,2.55463
383.59512,3.26188,3.26471,3.61996,3.72556,3.27757,3.27509,2.55856
385.18286,3.26219,3.27281,3.62011,3.72455,3.27614,3.27755,2.56283
386.7706,3.26243,3.28077,3.62027,3.72356,3.27467,3.27986,2.56748
388.35834,3.26256,3.28857,3.62043,3.7226,3.27315,3.282,2.57251
389.94608,3.26259,3.29622,3.6206,3.72165,3.27157,3.28394,2.57797
391.53381,3.26249,3.30369,3.62077,3.72071,3.26993,3.28569,2.58388
393.12152,3.26226,3.31098,3.62094,3.71979,3.26821,3.28721,2.59026
394.70926,3.26188,3.31806,3.6211,3.71887,3.26643,3.2885,2.59713
396.29694,3.26133,3.32493,3.62125,3.71796,3.26456,3.28955,2.60451
397.88467,3.26061,3.33158,3.62139,3.71705,3.26262,3.29034,2.61242
399.47235,3.25971,3.338,3.6215,3.71613,3.26058,3.29086,2.62086
401.06006,3.25862,3.34417,3.6216,3.71522,3.25845,3.2911,2.62987
402.64777,3.25732,3.3501,3.62168,3.71429,3.25623,3.29104,2.63943
404.23544,3.2558,3.35576,3.62173,3.71335,3.2539,3.29069,2.64958
405.82312,3.25407,3.36116,3.62175,3.7124,3.25147,3.29003,2.66031
407.4108,3.25209,3.36628,3.62174,3.71144,3.24893,3.28905,2.67163
408.99844,3.24988,3.37112,3.62169,3.71045,3.24629,3.28774,2.68355
410.58609,3.24742,3.37567,3.6216,3.70945,3.24352,3.28609,2.69606
412.17374,3.24471,3.37993,3.62148,3.70842,3.24064,3.28411,2.70918
413.76138,3.24174,3.3839,3.62131,3.70736,3.23766,3.2818,2.72284
415.34897,3.23855,3.38761,3.6211,3.70629,3.23457,3.2792,2.73695
416.93658,3.23515,3.39106,3.62086,3.70519,3.23139,3.27633,2.75145
418.52423,3.23155,3.39427,3.62057,3.70406,3.22813,3.27322,2.76624
420.11176,3.22777,3.39725,3.62023,3.70291,3.2248,3.26989,2.78127
421.69937,3.22383,3.40002,3.61986,3.70174,3.22141,3.26637,2.79647
423.28693,3.21974,3.40258,3.61945,3.70055,3.21797,3.26268,2.81177
424.87451,3.21551,3.40496,3.619,3.69933,3.21449,3.25883,2.82712
426.46201,3.21116,3.40715,3.6185,3.69809,3.21097,3.25486,2.84245
428.04956,3.20671,3.40918,3.61797,3.69683,3.20742,3.25078,2.85771
429.63705,3.20215,3.41106,3.6174,3.69554,3.20385,3.2466,2.87286
431.22455,3.19752,3.41278,3.61679,3.69423,3.20026,3.24235,2.88786
432.81207,3.19281,3.41437,3.61615,3.6929,3.19667,3.23804,2.90264
434.39957,3.18804,3.41583,3.61546,3.69155,3.19308,3.23369,2.91718
435.987,3.18323,3.41718,3.61474,3.69017,3.1895,3.22932,2.93144
437.57446,3.17837,3.41841,3.61398,3.68878,3.18593,3.22493,2.94538
439.16193,3.17349,3.41954,3.61319,3.68736,3.18238,3.22054,2.95897
440.74933,3.16859,3.42059,3.61236,3.68592,3.17885,3.21617,2.97217
442.33673,3.16368,3.42154,3.6115,3.68445,3.17535,3.21183,2.98497
443.92407,3.15878,3.42242,3.6106,3.68297,3.17189,3.20753,2.99732
445.51148,3.15389,3.42323,3.60967,3.68146,3.16846,3.20328,3.00921
447.09882,3.14901,3.42398,3.6087,3.67994,3.16509,3.19909,3.02061
448.68613,3.14417,3.42467,3.60771,3.67839,3.16176,3.19497,3.0315
450.27344,3.13936,3.4253,3.60668,3.67682,3.15848,3.19094,3.04186
451.86075,3.1346,3.4259,3.60562,3.67523,3.15527,3.18701,3.05167
453.44806,3.12988,3.42646,3.60454,3.67362,3.15212,3.18317,3.06091
455.03531,3.12523,3.42698,3.60342,3.67199,3.14903,3.17945,3.06956
456.6225,3.12065,3.42748,3.60228,3.67034,3.14601,3.17584,3.07761
458.20972,3.11613,3.42796,3.6011,3.66866,3.14307,3.17237,3.08505
459.79694,3.1117,3.42842,3.5999,3.66697,3.14021,3.16903,3.09185
461.38412,3.10736,3.42887,3.59868,3.66526,3.13742,3.16583,3.09801
462.97128,3.1031,3.42931,3.59743,3.66353,3.13472,3.16277,3.10353
464.55841,3.09894,3.42974,3.59616,3.66178,3.1321,3.15986,3.10844
466.14551,3.09486,3.43017,3.59487,3.66001,3.12955,3.15707,3.11278
467.7326,3.09088,3.43058,3.59357,3.65822,3.12707,3.1544,3.11658
469.31967,3.08699,3.43099,3.59226,3.65642,3.12466,3.15185,3.11987
470.90674,3.08318,3.43138,3.59094,3.65461,3.12232,3.14941,3.12268
472.49374,3.07947,3.43177,3.58962,3.65278,3.12005,3.14707,3.12503
474.08075,3.07585,3.43215,3.5883,3.65094,3.11783,3.14483,3.12696
475.66773,3.07232,3.43252,3.58699,3.64909,3.11568,3.14268,3.12848
477.2547,3.06888,3.43289,3.58568,3.64723,3.11358,3.14062,3.12962
478.84161,3.06554,3.43324,3.58438,3.64536,3.11154,3.13864,3.13041
480.42853,3.06228,3.43359,3.5831,3.64349,3.10955,3.13674,3.13087
482.01538,3.05912,3.43393,3.58182,3.6416,3.10761,3.13491,3.13101
483.60223,3.05604,3.43426,3.58057,3.63971,3.10572,3.13315,3.13086
485.18906,3.05306,3.43459,3.57933,3.63782,3.10387,3.13145,3.13045
486.77588,3.05017,3.43491,3.57812,3.63592,3.10207,3.12981,3.12978
488.36264,3.04737,3.43522,3.57693,3.63401,3.1003,3.12823,3.12889
489.9494,3.04466,3.43553,3.57577,3.63211,3.09858,3.1267,3.12778
491.53607,3.04204,3.43583,3.57463,3.6302,3.0969,3.12521,3.12647
493.1228,3.03952,3.43613,3.57353,3.62829,3.09525,3.12377,3.12498
494.70947,3.03708,3.43642,3.57245,3.62638,3.09364,3.12237,3.12333
496.29608,3.03474,3.4367,3.57141,3.62447,3.09206,3.12101,3.12154
497.88272,3.03249,3.43698,3.57041,3.62257,3.09051,3.11969,3.11961
499.4693,3.03033,3.43726,3.56944,3.62067,3.089,3.11839,3.11756
501.05582,3.02826,3.43753,3.56851,3.61877,3.08751,3.11712,3.11542
502.64233,3.02628,3.4378,3.56762,3.61687,3.08604,3.11588,3.11318
504.22882,3.02439,3.43807,3.56677,3.61498,3.0846,3.11466,3.11087
505.81528,3.02259,3.43833,3.56596,3.6131,3.08319,3.11346,3.10849
507.4017,3.02088,3.43859,3.5652,3.61122,3.0818,3.11228,3.10607
508.9881,3.01926,3.43885,3.56448,3.60934,3.08043,3.11111,3.10361
510.57446,3.01773,3.43911,3.56381,3.60748,3.07908,3.10996,3.10112
512.16077,3.01629,3.43937,3.56318,3.60563,3.07774,3.10881,3.09861
513.74707,3.01494,3.43962,3.56261,3.60378,3.07643,3.10768,3.09611
515.33331,3.01368,3.43988,3.56208,3.60194,3.07513,3.10655,3.09361
516.91956,3.01251,3.44013,3.5616,3.60012,3.07385,3.10542,3.09113
518.50574,3.01143,3.44039,3.56117,3.5983,3.07258,3.1043,3.08867
520.09192,3.01044,3.44065,3.5608,3.5965,3.07132,3.10318,3.08626
521.67804,3.00953,3.4409,3.56047,3.59471,3.07008,3.10206,3.08389
523.2641,3.00872,3.44116,3.5602,3.59293,3.06885,3.10093,3.08157
524.85016,3.00799,3.44142,3.55998,3.59116,3.06763,3.09981,3.07932
526.43616,3.00735,3.44168,3.55982,3.58941,3.06642,3.09867,3.07714
528.02216,3.00678,3.44194,3.5597,3.58767,3.06521,3.09753,3.07503
529.60809,3.0063,3.4422,3.55963,3.58594,3.06402,3.09639,3.07298
531.19403,3.00588,3.44245,3.55959,3.58422,3.06283,3.09523,3.07098
532.77991,3.00552,3.44269,3.5596,3.58251,3.06165,3.09407,3.06905
534.36572,3.00523,3.44292,3.55964,3.5808,3.06048,3.0929,3.06716
535.95154,3.00499,3.44315,3.55971,3.5791,3.05931,3.09172,3.06532
537.53729,3.00479,3.44335,3.5598,3.57741,3.05816,3.09053,3.06352
539.12299,3.00464,3.44355,3.55992,3.57571,3.057,3.08933,3.06177
540.70868,3.00454,3.44372,3.56006,3.57402,3.05586,3.08811,3.06006
542.29431,3.00446,3.44388,3.56022,3.57234,3.05471,3.08689,3.05838
543.87994,3.00442,3.44401,3.56039,3.57065,3.05357,3.08565,3.05673
545.46545,3.0044,3.44412,3.56057,3.56896,3.05244,3.0844,3.05511
547.05102,3.0044,3.44421,3.56077,3.56727,3.05131,3.08313,3.05353
548.63648,3.00442,3.44427,3.56096,3.56558,3.05018,3.08184,3.05196
550.22192,3.00446,3.4443,3.56117,3.56388,3.04906,3.08054,3.05042
551.80731,3.00451,3.44431,3.56138,3.56218,3.04794,3.07923,3.04889
553.3927,3.00456,3.44429,3.56158,3.56047,3.04683,3.0779,3.04738
554.97797,3.00462,3.44423,3.56178,3.55876,3.04571,3.07655,3.04589
556.56329,3.00468,3.44414,3.56198,3.55704,3.0446,3.07518,3.0444
558.1485,3.00473,3.44402,3.56217,3.55531,3.04349,3.07379,3.04293
559.7337,3.00478,3.44386,3.56236,3.55358,3.04238,3.07239,3.04146
561.31879,3.00482,3.44366,3.56253,3.55183,3.04128,3.07096,3.04
562.90393,3.00484,3.44343,3.56269,3.55008,3.04017,3.06952,3.03854
564.48895,3.00485,3.44315,3.56283,3.54831,3.03907,3.06805,3.03707
566.07398,3.00484,3.44284,3.56296,3.54654,3.03796,3.06656,3.03561
567.65894,3.00481,3.44249,3.56307,3.54475,3.03686,3.06504,3.03414
569.24383,3.00475,3.44209,3.56316,3.54295,3.03576,3.06351,3.03267
570.82874,3.00467,3.44165,3.56323,3.54113,3.03466,3.06195,3.03119
572.41351,3.00455,3.44116,3.56328,3.5393,3.03355,3.06037,3.0297
573.99835,3.00441,3.44064,3.56331,3.53746,3.03245,3.05876,3.02819
575.58307,3.00423,3.44006,3.56331,3.5356,3.03135,3.05712,3.02668
577.16773,3.00401,3.43944,3.56328,3.53372,3.03025,3.05546,3.02514
578.75232,3.00376,3.43877,3.56323,3.53183,3.02915,3.05378,3.02359
580.33698,3.00347,3.43805,3.56314,3.52992,3.02804,3.05206,3.02203
581.92151,3.00313,3.43729,3.56303,3.528,3.02694,3.05032,3.02044
583.50598,3.00275,3.43647,3.56289,3.52605,3.02583,3.04855,3.01882
585.09045,3.00232,3.4356,3.56271,3.52409,3.02473,3.04675,3.01719
586.6748,3.00184,3.43468,3.56251,3.52211,3.02362,3.04493,3.01553
588.25915,3.00131,3.43371,3.56227,3.52011,3.02251,3.04307,3.01384
589.84344,3.00073,3.43269,3.56199,3.51809,3.0214,3.04118,3.01212
591.42767,3.00009,3.43161,3.56168,3.51605,3.02029,3.03926,3.01037
593.01184,2.9994,3.43049,3.56133,3.51399,3.01918,3.03731,3.0086
594.59601,2.99865,3.4293,3.56094,3.51191,3.01807,3.03532,3.00679
596.18005,2.99785,3.42806,3.56052,3.50981,3.01695,3.03331,3.00494
597.7641,2.99698,3.42677,3.56006,3.50768,3.01584,3.03126,3.00306
599.34808,2.99605,3.42542,3.55956,3.50554,3.01472,3.02918,3.00115
600.93201,2.99506,3.42401,3.55902,3.50337,3.0136,3.02706,2.9992
602.51593,2.99401,3.42255,3.55844,3.50118,3.01248,3.02491,2.99721
604.09973,2.99288,3.42103,3.55782,3.49897,3.01135,3.02272,2.99517
605.68347,2.9917,3.41946,3.55715,3.49673,3.01023,3.0205,2.9931
607.26721,2.99044,3.41782,3.55645,3.49447,3.0091,3.01824,2.99098
608.85089,2.98912,3.41613,3.5557,3.49218,3.00797,3.01595,2.98883
610.43445,2.98773,3.41438,3.55491,3.48988,3.00685,3.01362,2.98663
612.01801,2.98627,3.41257,3.55407,3.48755,3.00571,3.01126,2.98438
613.6015,2.98475,3.41071,3.5532,3.4852,3.00458,3.00887,2.9821
615.18494,2.98317,3.4088,3.55229,3.48282,3.00345,3.00644,2.97979
616.76831,2.98153,3.40685,3.55134,3.48043,3.00231,3.00399,2.97743
618.35162,2.97983,3.40484,3.55036,3.47803,3.00118,3.00151,2.97505
619.93494,2.97809,3.4028,3.54934,3.4756,3.00004,2.999,2.97263
621.51813,2.97629,3.40071,3.54828,3.47316,2.9989,2.99647,2.97019
623.10126,2.97444,3.39858,3.54719,3.47071,2.99776,2.99392,2.96772
624.68433,2.97255,3.39642,3.54607,3.46824,2.99663,2.99135,2.96522
626.26739,2.97062,3.39422,3.54492,3.46576,2.99549,2.98876,2.9627
627.85034,2.96865,3.39199,3.54374,3.46327,2.99435,2.98616,2.96016
629.43323,2.96663,3.38972,3.54253,3.46077,2.99321,2.98354,2.9576
631.01611,2.96458,3.38742,3.54129,3.45826,2.99207,2.9809,2.95501
632.59894,2.9625,3.3851,3.54002,3.45574,2.99093,2.97826,2.95241
634.18164,2.96038,3.38275,3.53873,3.45321,2.98979,2.9756,2.9498
635.76428,2.95823,3.38037,3.53741,3.45067,2.98865,2.97293,2.94718
637.34692,2.95605,3.37798,3.53606,3.44813,2.98751,2.97025,2.94454
638.92944,2.95385,3.37556,3.53469,3.44558,2.98637,2.96757,2.94188
640.51196,2.95162,3.37312,3.5333,3.44303,2.98523,2.96488,2.93922
642.09436,2.94937,3.37066,3.53188,3.44047,2.98409,2.96218,2.93655
643.67676,2.94709,3.36818,3.53044,3.43791,2.98295,2.95949,2.93388
645.25903,2.9448,3.36569,3.52898,3.43535,2.98181,2.95679,2.9312
646.84125,2.94249,3.36319,3.5275,3.43278,2.98067,2.95409,2.92851
648.42346,2.94016,3.36067,3.526,3.43022,2.97953,2.95139,2.92582
650.00555,2.93781,3.35814,3.52448,3.42765,2.9784,2.94869,2.92313
651.58758,2.93545,3.3556,3.52294,3.42509,2.97726,2.94599,2.92044
653.16956,2.93308,3.35305,3.52138,3.42252,2.97612,2.9433,2.91775
654.75147,2.9307,3.3505,3.5198,3.41996,2.97499,2.94061,2.91507
656.33331,2.92831,3.34794,3.51821,3.41739,2.97385,2.93792,2.91238
657.9151,2.92591,3.34537,3.5166,3.41484,2.97272,2.93524,2.9097
659.49683,2.92351,3.3428,3.51498,3.41228,2.97158,2.93257,2.90702
661.07849,2.9211,3.34023,3.51334,3.40973,2.97045,2.92991,2.90435
662.66003,2.91869,3.33766,3.51168,3.40718,2.96931,2.92726,2.90169
664.24158,2.91627,3.33508,3.51001,3.40463,2.96818,2.92462,2.89903
665.823,2.91386,3.33251,3.50833,3.4021,2.96705,2.92199,2.89639
667.40442,2.91144,3.32994,3.50663,3.39956,2.96592,2.91937,2.89375
668.98572,2.90903,3.32737,3.50492,3.39704,2.96479,2.91676,2.89113
670.56696,2.90661,3.3248,3.50319,3.39452,2.96365,2.91417,2.88851
672.14807,2.9042,3.32224,3.50146,3.39201,2.96252,2.91159,2.88591
673.72919,2.9018,3.31968,3.49971,3.3895,2.96139,2.90902,2.88333
675.31018,2.8994,3.31713,3.49795,3.38701,2.96026,2.90647,2.88075
676.89117,2.89701,3.31459,3.49618,3.38452,2.95913,2.90394,2.8782
678.47205,2.89462,3.31206,3.4944,3.38204,2.95801,2.90143,2.87565
680.05286,2.89225,3.30953,3.49261,3.37957,2.95688,2.89893,2.87313
681.63367,2.88988,3.30702,3.49081,3.37711,2.95575,2.89645,2.87062
683.21429,2.88752,3.30452,3.489,3.37466,2.95462,2.89399,2.86813
684.79492,2.88518,3.30202,3.48719,3.37222,2.95349,2.89155,2.86566
686.37543,2.88285,3.29954,3.48536,3.36979,2.95237,2.88914,2.86321
687.95593,2.88053,3.29708,3.48352,3.36738,2.95124,2.88674,2.86078
689.53625,2.87822,3.29462,3.48168,3.36497,2.95011,2.88436,2.85837
691.11658,2.87593,3.29218,3.47983,3.36258,2.94899,2.88201,2.85598
692.69684,2.87366,3.28976,3.47797,3.3602,2.94786,2.87968,2.85362
694.27698,2.8714,3.28735,3.4761,3.35783,2.94673,2.87737,2.85128
695.85706,2.86916,3.28496,3.47423,3.35547,2.94561,2.87509,2.84896
697.43713,2.86694,3.28258,3.47235,3.35313,2.94448,2.87283,2.84666
699.01703,2.86474,3.28022,3.47046,3.3508,2.94336,2.8706,2.84439
700.59686,2.86255,3.27788,3.46857,3.34848,2.94223,2.86839,2.84214
702.17664,2.86039,3.27556,3.46667,3.34618,2.9411,2.86621,2.83992
703.75641,2.85825,3.27326,3.46477,3.34389,2.93998,2.86405,2.83773
705.33606,2.85613,3.27098,3.46286,3.34162,2.93885,2.86192,2.83556
706.91559,2.85403,3.26872,3.46095,3.33936,2.93772,2.85982,2.83342
708.495,2.85195,3.26648,3.45903,3.33712,2.9366,2.85775,2.83131
710.07446,2.8499,3.26426,3.4571,3.33489,2.93547,2.8557,2.82922
711.65375,2.84787,3.26207,3.45518,3.33268,2.93434,2.85368,2.82716
713.23303,2.84586,3.25989,3.45324,3.33048,2.93322,2.85169,2.82513
714.81213,2.84388,3.25774,3.45131,3.3283,2.93209,2.84973,2.82313
716.39124,2.84193,3.25562,3.44937,3.32614,2.93096,2.8478,2.82117
717.97028,2.84,3.25351,3.44742,3.32399,2.92983,2.8459,2.81922
719.54919,2.8381,3.25143,3.44548,3.32186,2.9287,2.84403,2.81731
721.12805,2.83622,3.24938,3.44353,3.31974,2.92757,2.84219,2.81544
722.70679,2.83438,3.24735,3.44157,3.31764,2.92644,2.84038,2.81359
724.28546,2.83256,3.24534,3.43961,3.31556,2.92531,2.8386,2.81177
725.86407,2.83077,3.24336,3.43765,3.3135,2.92418,2.83685,2.80999
727.44257,2.829,3.24141,3.43569,3.31145,2.92305,2.83513,2.80823
729.021,2.82727,3.23948,3.43373,3.30942,2.92191,2.83344,2.80651
730.59937,2.82556,3.23758,3.43176,3.3074,2.92078,2.83179,2.80481
732.17761,2.82387,3.23569,3.4298,3.30541,2.91965,2.83016,2.80315
733.7558,2.82221,3.23384,3.42783,3.30342,2.91852,2.82855,2.80151
735.33392,2.82058,3.232,3.42586,3.30146,2.91738,2.82698,2.7999
736.91199,2.81897,3.23019,3.42389,3.29951,2.91625,2.82543,2.79832
738.48987,2.81739,3.22839,3.42192,3.29757,2.91512,2.82391,2.79676
740.06775,2.81583,3.22662,3.41995,3.29566,2.91399,2.82242,2.79523
741.64551,2.81429,3.22488,3.41798,3.29375,2.91286,2.82095,2.79373
743.22321,2.81278,3.22315,3.416,3.29186,2.91173,2.8195,2.79225
744.80078,2.81129,3.22144,3.41403,3.28999,2.9106,2.81808,2.7908
746.3783,2.80982,3.21975,3.41206,3.28813,2.90948,2.81669,2.78937
747.95569,2.80837,3.21808,3.41009,3.28629,2.90835,2.81532,2.78797
749.53302,2.80695,3.21644,3.40813,3.28446,2.90723,2.81397,2.78658
751.11023,2.80555,3.21481,3.40616,3.28265,2.90611,2.81264,2.78523
752.68744,2.80416,3.21319,3.4042,3.28085,2.90499,2.81133,2.78389
754.26453,2.8028,3.2116,3.40223,3.27906,2.90387,2.81005,2.78257
755.84149,2.80145,3.21002,3.40027,3.27729,2.90275,2.80879,2.78128
757.41833,2.80013,3.20846,3.39831,3.27553,2.90164,2.80754,2.78001
758.99518,2.79882,3.20692,3.39635,3.27379,2.90053,2.80632,2.77875
760.5719,2.79754,3.2054,3.3944,3.27206,2.89941,2.80512,2.77752
762.14856,2.79627,3.20389,3.39245,3.27034,2.89831,2.80394,2.77631
763.72504,2.79502,3.20239,3.3905,3.26864,2.8972,2.80277,2.77512
765.30151,2.79379,3.20092,3.38855,3.26695,2.8961,2.80163,2.77394
766.87781,2.79257,3.19945,3.38661,3.26527,2.895,2.8005,2.77279
768.4541,2.79137,3.19801,3.38467,3.26361,2.8939,2.79939,2.77165
770.03027,2.79019,3.19657,3.38273,3.26196,2.89281,2.7983,2.77053
771.60632,2.78903,3.19516,3.3808,3.26032,2.89171,2.79723,2.76943
773.18237,2.78788,3.19375,3.37888,3.25869,2.89062,2.79617,2.76834
774.75824,2.78674,3.19236,3.37695,3.25708,2.88954,2.79512,2.76727
776.33404,2.78563,3.19099,3.37503,3.25548,2.88846,2.7941,2.76622
777.90979,2.78452,3.18962,3.37312,3.25389,2.88738,2.79309,2.76518
779.48535,2.78343,3.18827,3.37121,3.25232,2.8863,2.79209,2.76416
781.06091,2.78236,3.18693,3.3693,3.25075,2.88523,2.79111,2.76315
782.63635,2.7813,3.18561,3.3674,3.2492,2.88416,2.79014,2.76216
784.21167,2.78025,3.1843,3.36551,3.24766,2.88309,2.78919,2.76118
785.78687,2.77922,3.183,3.36361,3.24613,2.88203,2.78825,2.76022
787.362,2.7782,3.18171,3.36173,3.24462,2.88097,2.78733,2.75927
788.93707,2.7772,3.18043,3.35985,3.24311,2.87991,2.78642,2.75834
790.51202,2.7762,3.17916,3.35797,3.24162,2.87886,2.78552,2.75741
792.08685,2.77522,3.17791,3.3561,3.24013,2.87782,2.78463,2.7565
793.66162,2.77426,3.17667,3.35424,3.23866,2.87677,2.78376,2.75561
795.23627,2.7733,3.17543,3.35238,3.2372,2.87573,2.7829,2.75472
796.81085,2.77236,3.17421,3.35053,3.23575,2.8747,2.78205,2.75385
798.38531,2.77142,3.173,3.34869,3.23431,2.87367,2.78121,2.75298
799.95966,2.7705,3.17179,3.34685,3.23289,2.87264,2.78038,2.75214
801.53394,2.76959,3.1706,3.34502,3.23147,2.87162,2.77957,2.7513
803.10809,2.7687,3.16942,3.34319,3.23006,2.8706,2.77876,2.75047
804.68219,2.76781,3.16824,3.34137,3.22867,2.86958,2.77797,2.74965
806.2561,2.76693,3.16708,3.33956,3.22728,2.86857,2.77718,2.74884
807.82996,2.76606,3.16592,3.33775,3.22591,2.86757,2.7764,2.74805
809.40375,2.7652,3.16477,3.33595,3.22454,2.86657,2.77564,2.74726
810.97742,2.76436,3.16363,3.33416,3.22319,2.86557,2.77488,2.74648
812.55096,2.76352,3.1625,3.33237,3.22184,2.86458,2.77413,2.74572
814.12445,2.76269,3.16138,3.33059,3.22051,2.86359,2.7734,2.74496
815.69781,2.76187,3.16026,3.32882,3.21918,2.86261,2.77267,2.74421
817.27106,2.76106,3.15916,3.32706,3.21787,2.86163,2.77195,2.74347
818.84424,2.76026,3.15806,3.3253,3.21656,2.86066,2.77123,2.74273
820.4173,2.75946,3.15697,3.32355,3.21527,2.85969,2.77053,2.74201
821.99023,2.75868,3.15588,3.32181,3.21398,2.85873,2.76983,2.74129
823.56311,2.7579,3.1548,3.32008,3.2127,2.85777,2.76914,2.74058
825.13586,2.75713,3.15373,3.31835,3.21144,2.85682,2.76846,2.73988
826.70837,2.75637,3.15267,3.31663,3.21018,2.85587,2.76778,2.73919
828.28094,2.75562,3.15161,3.31492,3.20893,2.85493,2.76711,2.7385
829.85339,2.75487,3.15056,3.31322,3.20769,2.85399,2.76645,2.73782
831.42566,2.75414,3.14952,3.31152,3.20646,2.85305,2.7658,2.73715
832.99793,2.7534,3.14848,3.30983,3.20524,2.85213,2.76515,2.73648
834.57001,2.75268,3.14745,3.30816,3.20402,2.85121,2.76451,2.73582
836.14209,2.75196,3.14642,3.30648,3.20282,2.85029,2.76387,2.73517
837.71399,2.75125,3.1454,3.30482,3.20162,2.84938,2.76324,2.73452
839.28577,2.75055,3.14439,3.30317,3.20044,2.84847,2.76261,2.73388
840.85742,2.74985,3.14338,3.30152,3.19926,2.84756,2.762,2.73325
842.42902,2.74916,3.14237,3.29988,3.19809,2.84667,2.76138,2.73262
844.00049,2.74847,3.14138,3.29825,3.19693,2.84578,2.76077,2.73199
845.57178,2.7478,3.14038,3.29663,3.19578,2.84489,2.76017,2.73137
847.14307,2.74712,3.1394,3.29502,3.19463,2.84401,2.75957,2.73076
848.71417,2.74645,3.13841,3.29342,3.1935,2.84314,2.75897,2.73015
850.28528,2.74579,3.13743,3.29182,3.19237,2.84226,2.75838,2.72954
851.85614,2.74513,3.13646,3.29024,3.19125,2.8414,2.7578,2.72894
853.42694,2.74448,3.13549,3.28866,3.19014,2.84054,2.75722,2.72834
854.99768,2.74384,3.13453,3.28709,3.18903,2.83969,2.75664,2.72775
856.56824,2.7432,3.13357,3.28553,3.18794,2.83884,2.75607,2.72716
858.13867,2.74256,3.13261,3.28398,3.18685,2.838,2.7555,2.72658
859.70911,2.74193,3.13166,3.28243,3.18577,2.83716,2.75493,2.726
861.2793,2.7413,3.13071,3.2809,3.18469,2.83633,2.75437,2.72543
862.84943,2.74068,3.12976,3.27937,3.18363,2.8355,2.75381,2.72485
864.41943,2.74006,3.12882,3.27786,3.18257,2.83468,2.75325,2.72428
865.98938,2.73944,3.12789,3.27635,3.18152,2.83387,2.7527,2.72372
867.5592,2.73883,3.12696,3.27485,3.18048,2.83306,2.75215,2.72316
869.12891,2.73823,3.12602,3.27337,3.17944,2.83225,2.7516,2.7226
870.69843,2.73763,3.1251,3.27189,3.17842,2.83146,2.75106,2.72204
872.26788,2.73703,3.12418,3.27041,3.1774,2.83066,2.75052,2.72149
873.83722,2.73643,3.12326,3.26895,3.17638,2.82987,2.74998,2.72093
875.40643,2.73584,3.12234,3.2675,3.17537,2.82909,2.74944,2.72039
876.97559,2.73526,3.12143,3.26606,3.17438,2.82832,2.74891,2.71984
878.54456,2.73467,3.12052,3.26462,3.17338,2.82755,2.74838,2.7193
880.11346,2.73409,3.11961,3.2632,3.1724,2.82678,2.74785,2.71875
881.68225,2.73351,3.1187,3.26178,3.17142,2.82602,2.74732,2.71822
883.25085,2.73294,3.1178,3.26037,3.17045,2.82527,2.74679,2.71768
884.81934,2.73237,3.1169,3.25898,3.16948,2.82452,2.74627,2.71714
886.38782,2.7318,3.116,3.25759,3.16853,2.82378,2.74574,2.71661
887.95605,2.73123,3.11511,3.25621,3.16758,2.82304,2.74522,2.71608
889.52423,2.73067,3.11422,3.25484,3.16663,2.82231,2.7447,2.71555
891.09228,2.73011,3.11333,3.25348,3.16569,2.82159,2.74418,2.71502
892.66028,2.72956,3.11244,3.25213,3.16476,2.82087,2.74367,2.71449
894.22803,2.729,3.11155,3.25079,3.16384,2.82016,2.74315,2.71397
895.79571,2.72845,3.11067,3.24946,3.16292,2.81945,2.74264,2.71344
897.36328,2.7279,3.10979,3.24813,3.16201,2.81874,2.74212,2.71292
898.93079,2.72735,3.10891,3.24682,3.1611,2.81805,2.74161,2.7124
900.49805,2.72681,3.10803,3.24552,3.1602,2.81736,2.7411,2.71188
902.06525,2.72626,3.10716,3.24422,3.15931,2.81667,2.74059,2.71136
903.63232,2.72572,3.10629,3.24293,3.15842,2.81599,2.74008,2.71084
905.19934,2.72518,3.10542,3.24166,3.15754,2.81532,2.73957,2.71033
906.76624,2.72465,3.10455,3.24039,3.15666,2.81465,2.73907,2.70981
908.33289,2.72412,3.10368,3.23913,3.1558,2.81398,2.73856,2.7093
909.89954,2.72358,3.10282,3.23788,3.15493,2.81332,2.73806,2.70879
911.46594,2.72306,3.10196,3.23663,3.15408,2.81267,2.73756,2.70828
913.03235,2.72253,3.1011,3.2354,3.15322,2.81202,2.73705,2.70777
914.59851,2.72201,3.10024,3.23417,3.15238,2.81137,2.73655,2.70726
916.16467,2.72149,3.09938,3.23296,3.15154,2.81073,2.73606,2.70675
917.73059,2.72097,3.09853,3.23175,3.1507,2.8101,2.73556,2.70625
919.29651,2.72045,3.09768,3.23055,3.14988,2.80947,2.73506,2.70575
920.86218,2.71994,3.09683,3.22935,3.14905,2.80884,2.73457,2.70525
922.42786,2.71942,3.09599,3.22817,3.14824,2.80822,2.73407,2.70475
923.99329,2.71892,3.09514,3.22699,3.14742,2.80761,2.73358,2.70425
925.55859,2.71841,3.0943,3.22582,3.14662,2.807,2.73309,2.70375
927.12384,2.7179,3.09346,3.22466,3.14582,2.80639,2.7326,2.70326
928.68897,2.7174,3.09262,3.22351,3.14502,2.80579,2.73212,2.70276
930.25391,2.7169,3.09178,3.22237,3.14423,2.80519,2.73163,2.70227
931.81873,2.7164,3.09095,3.22123,3.14345,2.80459,2.73115,2.70178
933.38342,2.71591,3.09012,3.2201,3.14267,2.80401,2.73066,2.70129
934.94806,2.71541,3.08929,3.21898,3.14189,2.80342,2.73018,2.7008
936.51251,2.71492,3.08846,3.21786,3.14112,2.80284,2.7297,2.70032
938.07678,2.71443,3.08764,3.21676,3.14036,2.80227,2.72922,2.69983
939.64099,2.71395,3.08682,3.21566,3.1396,2.80169,2.72875,2.69935
941.20508,2.71346,3.086,3.21456,3.13884,2.80113,2.72827,2.69887
942.76892,2.71298,3.08518,3.21348,3.13809,2.80056,2.7278,2.69839
944.3327,2.7125,3.08436,3.2124,3.13735,2.8,2.72733,2.69791
945.89636,2.71202,3.08355,3.21133,3.13661,2.79945,2.72686,2.69744
947.45996,2.71155,3.08274,3.21027,3.13588,2.7989,2.72639,2.69696
949.02332,2.71108,3.08193,3.20921,3.13515,2.79835,2.72592,2.69649
950.58661,2.71061,3.08112,3.20816,3.13442,2.7978,2.72545,2.69602
952.14978,2.71014,3.08032,3.20712,3.1337,2.79726,2.72499,2.69555
953.71277,2.70967,3.07951,3.20609,3.13299,2.79673,2.72452,2.69508
955.2757,2.70921,3.07871,3.20506,3.13227,2.7962,2.72406,2.69462
956.83838,2.70874,3.07792,3.20404,3.13157,2.79567,2.7236,2.69415
958.401,2.70828,3.07712,3.20302,3.13087,2.79514,2.72315,2.69369
959.9635,2.70783,3.07633,3.20201,3.13017,2.79462,2.72269,2.69323
961.52576,2.70737,3.07553,3.20101,3.12948,2.79411,2.72224,2.69277
963.08801,2.70692,3.07474,3.20002,3.12879,2.79359,2.72178,2.69231
964.65008,2.70647,3.07396,3.19903,3.1281,2.79308,2.72133,2.69186
966.21204,2.70602,3.07317,3.19805,3.12742,2.79257,2.72088,2.6914
967.7738,2.70557,3.07239,3.19707,3.12675,2.79207,2.72043,2.69095
969.33545,2.70513,3.07161,3.1961,3.12608,2.79157,2.71999,2.6905
970.89697,2.70468,3.07083,3.19514,3.12541,2.79107,2.71954,2.69005
972.45837,2.70424,3.07005,3.19418,3.12475,2.79058,2.7191,2.68961
974.01965,2.70381,3.06928,3.19323,3.12409,2.79009,2.71866,2.68916
975.58075,2.70337,3.06851,3.19229,3.12344,2.7896,2.71822,2.68872
977.14172,2.70294,3.06773,3.19135,3.12279,2.78912,2.71778,2.68828
978.70251,2.7025,3.06697,3.19042,3.12214,2.78864,2.71734,2.68784
980.26318,2.70207,3.0662,3.1895,3.1215,2.78816,2.71691,2.6874
981.82385,2.70165,3.06544,3.18858,3.12086,2.78769,2.71648,2.68696
983.38415,2.70122,3.06468,3.18766,3.12023,2.78722,2.71605,2.68653
984.94446,2.7008,3.06392,3.18675,3.1196,2.78675,2.71562,2.6861
986.50458,2.70038,3.06316,3.18585,3.11897,2.78629,2.71519,2.68567
988.06464,2.69996,3.0624,3.18496,3.11835,2.78583,2.71476,2.68524
989.62439,2.69954,3.06165,3.18406,3.11773,2.78537,2.71434,2.68481
991.1842,2.69912,3.0609,3.18318,3.11712,2.78491,2.71392,2.68438
992.74377,2.69871,3.06015,3.1823,3.11651,2.78446,2.7135,2.68396
994.3031,2.6983,3.05941,3.18143,3.1159,2.78401,2.71308,2.68354
995.86243,2.69789,3.05866,3.18056,3.1153,2.78356,2.71266,2.68312
997.42157,2.69748,3.05792,3.1797,3.1147,2.78312,2.71224,2.6827
998.98059,2.69708,3.05718,3.17884,3.11411,2.78268,2.71183,2.68228
1012.09393,2.69375,3.05103,3.17185,3.10924,2.77907,2.70842,2.67885
1015.46991,2.69291,3.04947,3.17011,3.10803,2.77817,2.70756,2.67799
1018.8465,2.69208,3.04793,3.16839,3.10683,2.77729,2.70671,2.67713
1022.22376,2.69127,3.04638,3.16669,3.10565,2.77641,2.70586,2.67628
1025.60144,2.69046,3.04485,3.16502,3.10448,2.77555,2.70503,2.67544
1028.97986,2.68966,3.04333,3.16337,3.10332,2.77469,2.7042,2.67461
1032.35876,2.68886,3.04182,3.16174,3.10219,2.77385,2.70338,2.67379
1035.7384,2.68808,3.04031,3.16013,3.10106,2.77302,2.70257,2.67297
1039.11841,2.6873,3.03882,3.15854,3.09995,2.77219,2.70177,2.67216
1042.49927,2.68654,3.03733,3.15698,3.09885,2.77138,2.70097,2.67137
1045.88062,2.68578,3.03585,3.15543,3.09777,2.77058,2.70018,2.67057
1049.26245,2.68502,3.03438,3.15391,3.0967,2.76978,2.6994,2.66979
1052.6449,2.68428,3.03292,3.1524,3.09564,2.769,2.69863,2.66901
1056.02808,2.68355,3.03147,3.15091,3.0946,2.76822,2.69787,2.66825
1059.41174,2.68282,3.03003,3.14945,3.09357,2.76746,2.69711,2.66749
1062.79602,2.6821,3.02859,3.148,3.09255,2.7667,2.69636,2.66674
1066.18091,2.68139,3.02717,3.14657,3.09154,2.76595,2.69562,2.66599
1069.56628,2.68069,3.02575,3.14516,3.09055,2.76521,2.69489,2.66526
1072.95239,2.67999,3.02434,3.14376,3.08957,2.76448,2.69416,2.66453
1076.33899,2.6793,3.02294,3.14239,3.0886,2.76375,2.69344,2.66381
1079.7262,2.67862,3.02155,3.14103,3.08764,2.76303,2.69273,2.6631
1083.11401,2.67795,3.02017,3.13969,3.08669,2.76233,2.69203,2.66239
1086.50244,2.67728,3.01879,3.13837,3.08575,2.76163,2.69134,2.6617
1089.89136,2.67662,3.01743,3.13706,3.08483,2.76093,2.69065,2.66101
1093.28101,2.67597,3.01607,3.13577,3.08391,2.76024,2.68997,2.66033
1096.67114,2.67533,3.01472,3.1345,3.08301,2.75956,2.6893,2.65965
1100.06201,2.67469,3.01338,3.13324,3.08211,2.75889,2.68864,2.65899
1103.45337,2.67406,3.01204,3.132,3.08123,2.75823,2.68798,2.65833
1106.84534,2.67344,3.01072,3.13078,3.08036,2.75757,2.68734,2.65768
1110.23791,2.67283,3.0094,3.12957,3.0795,2.75691,2.68669,2.65703
1113.63098,2.67222,3.00809,3.12837,3.07864,2.75627,2.68606,2.6564
1117.02466,2.67162,3.00679,3.12719,3.0778,2.75563,2.68544,2.65577
1120.41907,2.67102,3.00549,3.12603,3.07697,2.755,2.68482,2.65515
1123.81397,2.67043,3.00421,3.12488,3.07614,2.75437,2.68421,2.65454
1127.20947,2.66985,3.00293,3.12374,3.07533,2.75375,2.6836,2.65393
1130.60559,2.66928,3.00166,3.12262,3.07452,2.75313,2.68301,2.65333
1134.0022,2.66871,3.0004,3.12151,3.07373,2.75252,2.68242,2.65274
1137.39954,2.66815,2.99914,3.12042,3.07294,2.75192,2.68183,2.65216
1140.79736,2.66759,2.99789,3.11934,3.07216,2.75132,2.68126,2.65158
1144.19592,2.66705,2.99665,3.11827,3.07139,2.75072,2.68069,2.65101
1147.59497,2.6665,2.99542,3.11721,3.07063,2.75014,2.68013,2.65044
1150.99451,2.66597,2.9942,3.11617,3.06988,2.74955,2.67958,2.64989
1154.39478,2.66544,2.99298,3.11514,3.06913,2.74898,2.67903,2.64934
1157.79565,2.66492,2.99177,3.11413,3.06839,2.7484,2.67849,2.6488
1161.19702,2.6644,2.99057,3.11313,3.06767,2.74783,2.67796,2.64826
1164.599,2.66389,2.98937,3.11213,3.06695,2.74727,2.67744,2.64774
1168.00171,2.66339,2.98818,3.11116,3.06623,2.74671,2.67692,2.64722
1171.40491,2.66289,2.987,3.11019,3.06553,2.74616,2.67641,2.6467
1174.80859,2.6624,2.98583,3.10923,3.06483,2.74561,2.6759,2.64619
1178.21301,2.66191,2.98466,3.10829,3.06414,2.74506,2.6754,2.64569
1181.61792,2.66143,2.9835,3.10736,3.06346,2.74452,2.67491,2.6452
1185.02356,2.66095,2.98235,3.10644,3.06278,2.74399,2.67443,2.64471
1188.42969,2.66048,2.98121,3.10553,3.06211,2.74346,2.67395,2.64423
1191.83643,2.66002,2.98007,3.10463,3.06145,2.74293,2.67347,2.64375
1195.2439,2.65956,2.97893,3.10374,3.0608,2.74241,2.67301,2.64328
1198.65173,2.6591,2.97781,3.10286,3.06015,2.74189,2.67255,2.64282
1202.0603,2.65866,2.97669,3.10199,3.05951,2.74137,2.67209,2.64236
1205.46936,2.65821,2.97558,3.10113,3.05887,2.74086,2.67164,2.64191
1208.87915,2.65777,2.97447,3.10029,3.05824,2.74036,2.6712,2.64146
1212.28931,2.65734,2.97337,3.09945,3.05762,2.73985,2.67076,2.64102
1215.70032,2.65691,2.97228,3.09862,3.05701,2.73935,2.67033,2.64059
1219.11169,2.65649,2.97119,3.0978,3.0564,2.73886,2.6699,2.64016
1222.5238,2.65607,2.97011,3.09699,3.05579,2.73837,2.66948,2.63973
1225.93652,2.65565,2.96904,3.09619,3.0552,2.73788,2.66906,2.63931
1229.34985,2.65524,2.96797,3.09539,3.05461,2.73739,2.66865,2.63889
1232.76367,2.65483,2.96691,3.09461,3.05402,2.73691,2.66825,2.63848
1236.1781,2.65443,2.96585,3.09383,3.05344,2.73644,2.66784,2.63808
1239.59314,2.65403,2.9648,3.09307,3.05287,2.73596,2.66745,2.63768
1243.00879,2.65364,2.96376,3.09231,3.0523,2.73549,2.66705,2.63728
1246.42505,2.65325,2.96272,3.09156,3.05173,2.73503,2.66667,2.63689
1249.8418,2.65287,2.96169,3.09082,3.05118,2.73456,2.66628,2.63651
1253.25916,2.65249,2.96066,3.09009,3.05062,2.73411,2.6659,2.63612
1256.67725,2.65211,2.95964,3.08936,3.05007,2.73365,2.66553,2.63575
1260.09583,2.65174,2.95863,3.08864,3.04953,2.7332,2.66516,2.63537
1263.51501,2.65137,2.95762,3.08793,3.04899,2.73275,2.66479,2.635
1266.93481,2.651,2.95661,3.08723,3.04846,2.7323,2.66443,2.63464
1270.35523,2.65064,2.95561,3.08653,3.04793,2.73186,2.66407,2.63428
1273.77612,2.65028,2.95462,3.08584,3.04741,2.73142,2.66372,2.63392
1277.19763,2.64993,2.95363,3.08516,3.04689,2.73098,2.66337,2.63356
1280.61987,2.64957,2.95265,3.08448,3.04638,2.73055,2.66303,2.63322
1284.0426,2.64923,2.95167,3.08381,3.04587,2.73012,2.66268,2.63287
1287.46594,2.64888,2.9507,3.08315,3.04536,2.72969,2.66235,2.63253
1290.88989,2.64854,2.94974,3.0825,3.04486,2.72926,2.66201,2.63219
1294.31445,2.6482,2.94878,3.08185,3.04437,2.72884,2.66168,2.63186
1297.7395,2.64787,2.94782,3.08121,3.04387,2.72842,2.66135,2.63153
1301.16528,2.64754,2.94687,3.08057,3.04339,2.72801,2.66103,2.6312
1304.59155,2.64721,2.94592,3.07994,3.0429,2.72759,2.66071,2.63087
1308.01843,2.64688,2.94498,3.07931,3.04242,2.72718,2.66039,2.63055
1311.44592,2.64656,2.94405,3.0787,3.04195,2.72677,2.66008,2.63024
1314.87402,2.64624,2.94312,3.07809,3.04148,2.72637,2.65977,2.62992
1318.30273,2.64593,2.94219,3.07748,3.04101,2.72597,2.65946,2.62961
1321.73206,2.64561,2.94127,3.07688,3.04055,2.72557,2.65916,2.6293
1325.16187,2.6453,2.94035,3.07628,3.04009,2.72517,2.65886,2.629
1328.59228,2.64499,2.93944,3.07569,3.03963,2.72477,2.65856,2.6287
1332.02331,2.64469,2.93853,3.07511,3.03918,2.72438,2.65826,2.6284
1335.45496,2.64439,2.93763,3.07453,3.03873,2.72399,2.65797,2.6281
1338.88733,2.64409,2.93673,3.07396,3.03829,2.7236,2.65768,2.62781
1342.32007,2.64379,2.93584,3.07339,3.03784,2.72322,2.6574,2.62752
1345.75354,2.6435,2.93495,3.07283,3.03741,2.72284,2.65711,2.62723
1349.1875,2.6432,2.93407,3.07227,3.03697,2.72246,2.65683,2.62695
1352.62219,2.64291,2.93319,3.07172,3.03654,2.72208,2.65656,2.62667
1356.05737,2.64263,2.93232,3.07117,3.03611,2.7217,2.65628,2.62639
1359.49316,2.64234,2.93145,3.07062,3.03569,2.72133,2.65601,2.62611
1362.92956,2.64206,2.93058,3.07009,3.03527,2.72096,2.65574,2.62584
1366.36658,2.64178,2.92972,3.06955,3.03485,2.72059,2.65547,2.62557
1369.80408,2.6415,2.92886,3.06902,3.03443,2.72023,2.65521,2.6253
1373.24231,2.64123,2.92801,3.0685,3.03402,2.71986,2.65494,2.62503
1376.68103,2.64096,2.92716,3.06798,3.03361,2.7195,2.65468,2.62477
1380.12048,2.64068,2.92632,3.06746,3.03321,2.71914,2.65442,2.62451
1383.56042,2.64042,2.92548,3.06695,3.03281,2.71879,2.65417,2.62425
1387.00098,2.64015,2.92464,3.06644,3.03241,2.71843,2.65392,2.62399
1390.44214,2.63989,2.92381,3.06594,3.03201,2.71808,2.65367,2.62374
1393.88391,2.63962,2.92298,3.06543,3.03161,2.71773,2.65342,2.62349
1397.32617,2.63936,2.92216,3.06494,3.03122,2.71738,2.65317,2.62324
1400.76916,2.63911,2.92134,3.06445,3.03084,2.71703,2.65293,2.62299
1404.21265,2.63885,2.92052,3.06396,3.03045,2.71669,2.65268,2.62274
1407.65674,2.6386,2.91971,3.06348,3.03007,2.71634,2.65244,2.6225
1411.10144,2.63834,2.9189,3.063,3.02969,2.716,2.6522,2.62226
1414.54675,2.63809,2.9181,3.06252,3.02931,2.71567,2.65197,2.62202
1417.99268,2.63785,2.9173,3.06205,3.02894,2.71533,2.65174,2.62178
1421.43921,2.6376,2.9165,3.06158,3.02856,2.71499,2.6515,2.62154
1424.88635,2.63735,2.91571,3.06111,3.02819,2.71466,2.65127,2.62131
1428.33398,2.63711,2.91493,3.06065,3.02783,2.71433,2.65104,2.62108
1431.78223,2.63687,2.91414,3.06019,3.02746,2.714,2.65082,2.62085
1435.2312,2.63663,2.91336,3.05974,3.0271,2.71367,2.65059,2.62062
1438.68054,2.63639,2.91258,3.05928,3.02674,2.71335,2.65037,2.62039
1442.13062,2.63616,2.91181,3.05884,3.02638,2.71303,2.65015,2.62017
1445.5813,2.63592,2.91104,3.05839,3.02603,2.7127,2.64993,2.61994
1449.03259,2.63569,2.91027,3.05795,3.02567,2.71238,2.64971,2.61972
1452.4845,2.63546,2.90951,3.05751,3.02532,2.71206,2.6495,2.6195
1455.93689,2.63523,2.90875,3.05707,3.02497,2.71175,2.64928,2.61929
1459.38989,2.635,2.908,3.05664,3.02463,2.71143,2.64907,2.61907
1462.84351,2.63478,2.90725,3.05621,3.02428,2.71112,2.64886,2.61885
1466.29773,2.63455,2.9065,3.05578,3.02394,2.71081,2.64865,2.61864
1469.75269,2.63433,2.90576,3.05536,3.0236,2.7105,2.64844,2.61843
1473.20801,2.63411,2.90502,3.05494,3.02326,2.71019,2.64823,2.61822
1476.66406,2.63389,2.90428,3.05452,3.02293,2.70988,2.64803,2.61801
1480.12061,2.63367,2.90354,3.05411,3.0226,2.70958,2.64783,2.6178
1483.57788,2.63345,2.90281,3.05369,3.02227,2.70928,2.64762,2.6176
1487.03564,2.63324,2.90209,3.05328,3.02194,2.70898,2.64742,2.61739
1490.49402,2.63302,2.90136,3.05288,3.02161,2.70867,2.64723,2.61719
1493.953,2.63281,2.90064,3.05247,3.02128,2.70838,2.64703,2.61699
1497.4126,2.6326,2.89992,3.05207,3.02096,2.70808,2.64683,2.61679
1500.8728,2.63239,2.89921,3.05167,3.02064,2.70778,2.64664,2.61659
1504.33362,2.63218,2.8985,3.05128,3.02032,2.70749,2.64644,2.61639
1507.79492,2.63197,2.89779,3.05088,3.02,2.7072,2.64625,2.6162
1511.25684,2.63176,2.89709,3.05049,3.01968,2.70691,2.64606,2.616
1514.71948,2.63156,2.89638,3.0501,3.01937,2.70662,2.64587,2.61581
1518.18262,2.63135,2.89569,3.04971,3.01906,2.70633,2.64568,2.61562
1521.64636,2.63115,2.89499,3.04933,3.01875,2.70604,2.64549,2.61543
1525.1106,2.63095,2.8943,3.04895,3.01844,2.70576,2.64531,2.61524
1528.57556,2.63075,2.89361,3.04857,3.01813,2.70547,2.64512,2.61505
1532.04126,2.63055,2.89293,3.04819,3.01783,2.70519,2.64494,2.61486
1535.50732,2.63035,2.89224,3.04781,3.01752,2.70491,2.64476,2.61468
1538.974,2.63016,2.89156,3.04744,3.01722,2.70463,2.64458,2.61449
1542.44128,2.62996,2.89089,3.04707,3.01692,2.70435,2.64439,2.61431
1545.9093,2.62977,2.89021,3.0467,3.01662,2.70408,2.64422,2.61413
1549.37781,2.62957,2.88954,3.04633,3.01632,2.7038,2.64404,2.61395
1552.84692,2.62938,2.88888,3.04597,3.01603,2.70353,2.64386,2.61376
1556.31665,2.62919,2.88821,3.04561,3.01573,2.70325,2.64368,2.61359
1559.78687,2.629,2.88755,3.04525,3.01544,2.70298,2.64351,2.61341
1563.25781,2.62881,2.88689,3.04489,3.01515,2.70271,2.64334,2.61323
1566.72925,2.62862,2.88623,3.04453,3.01486,2.70244,2.64316,2.61306
1570.20142,2.62843,2.88558,3.04418,3.01457,2.70218,2.64299,2.61288
1573.67407,2.62825,2.88493,3.04383,3.01429,2.70191,2.64282,2.61271
1577.14734,2.62806,2.88428,3.04347,3.014,2.70165,2.64265,2.61253
1580.62122,2.62788,2.88364,3.04312,3.01372,2.70138,2.64248,2.61236
1584.0957,2.6277,2.883,3.04278,3.01343,2.70112,2.64231,2.61219
1587.5708,2.62751,2.88236,3.04243,3.01315,2.70086,2.64215,2.61202
1591.04639,2.62733,2.88172,3.04209,3.01287,2.7006,2.64198,2.61185
1594.52271,2.62715,2.88109,3.04175,3.0126,2.70034,2.64181,2.61168
1597.99951,2.62697,2.88046,3.04141,3.01232,2.70008,2.64165,2.61151
1601.47693,2.62679,2.87983,3.04107,3.01204,2.69982,2.64149,2.61135
1604.95508,2.62662,2.8792,3.04073,3.01177,2.69957,2.64133,2.61118
1608.43372,2.62644,2.87858,3.0404,3.0115,2.69931,2.64116,2.61102
1611.91296,2.62626,2.87796,3.04007,3.01123,2.69906,2.641,2.61085
1615.39282,2.62609,2.87734,3.03973,3.01096,2.69881,2.64084,2.61069
1618.87329,2.62591,2.87673,3.0394,3.01069,2.69856,2.64068,2.61053
1622.35425,2.62574,2.87611,3.03908,3.01042,2.69831,2.64052,2.61036
1625.83581,2.62557,2.8755,3.03875,3.01015,2.69806,2.64037,2.6102
1629.31812,2.6254,2.8749,3.03842,3.00989,2.69781,2.64021,2.61004
1632.8009,2.62522,2.87429,3.0381,3.00963,2.69757,2.64005,2.60988
1636.28442,2.62506,2.87369,3.03778,3.00936,2.69732,2.6399,2.60973
1639.76831,2.62489,2.87309,3.03746,3.0091,2.69708,2.63974,2.60957
1643.25293,2.62472,2.87249,3.03714,3.00884,2.69683,2.63959,2.60941
1646.73804,2.62455,2.8719,3.03682,3.00858,2.69659,2.63944,2.60925
1650.224,2.62438,2.87131,3.03651,3.00832,2.69635,2.63928,2.6091
1653.71033,2.62422,2.87072,3.03619,3.00807,2.69611,2.63913,2.60894
1657.19751,2.62405,2.87013,3.03588,3.00781,2.69587,2.63898,2.60879
1660.68494,2.62389,2.86954,3.03557,3.00756,2.69563,2.63883,2.60864
1664.17322,2.62372,2.86896,3.03525,3.0073,2.6954,2.63868,2.60848
1667.66187,2.62356,2.86838,3.03495,3.00705,2.69516,2.63853,2.60833
1671.15137,2.6234,2.8678,3.03464,3.0068,2.69492,2.63838,2.60818
1674.64124,2.62324,2.86723,3.03433,3.00655,2.69469,2.63823,2.60803
1678.13184,2.62307,2.86665,3.03403,3.0063,2.69446,2.63809,2.60788
1681.62305,2.62291,2.86608,3.03372,3.00605,2.69422,2.63794,2.60773
1685.11487,2.62275,2.86551,3.03342,3.00581,2.69399,2.6378,2.60758
1688.60718,2.62259,2.86495,3.03312,3.00556,2.69376,2.63765,2.60743
