,energy,n_para
0,0.0,3.512520462573848
1,0.0109,3.5125489320435097
2,0.0218,3.512620104708165
3,0.0327,3.512705510002226
4,0.0436,3.512862080981831
5,0.0545,3.5130471104156857
6,0.0655,3.513274825572289
7,0.0764,3.513545218152173
8,0.0873,3.51385827830321
9,0.0982,3.5142139946224105
10,0.1091,3.5145981278092098
11,0.12,3.515053342411748
12,0.1309,3.515522720734429
13,0.1418,3.5160489188860837
14,0.1527,3.5166176931819018
15,0.1636,3.5172290229668013
16,0.1745,3.5178828860551907
17,0.1855,3.51857925873498
18,0.1964,3.5193181157718607
19,0.2073,3.5200994304138624
20,0.2182,3.5209231743961698
21,0.2291,3.5218035152461304
22,0.24,3.5227262170086395
23,0.2509,3.523677056712207
24,0.2618,3.5246843830334655
25,0.2727,3.525733966140951
26,0.2836,3.526854122302197
27,0.2946,3.528002267572967
28,0.3055,3.52919254221132
29,0.3164,3.5304390661785967
30,0.3273,3.53172762256661
31,0.3382,3.533072317403084
32,0.3491,3.5344589402057
33,0.36,3.5359015823407756
34,0.3709,3.5373860405672435
35,0.3818,3.5389405194210317
36,0.3927,3.5405366824819087
37,0.4036,3.5421885889940983
38,0.4146,3.5438961610069786
39,0.4255,3.545645216318181
40,0.4364,3.5474779773805505
41,0.4473,3.549352053544421
42,0.4582,3.5512955382507947
43,0.4691,3.5532801747118112
44,0.48,3.5553340208762383
45,0.4909,3.557456956872423
46,0.5018,3.559648859087087
47,0.5127,3.561895562758684
48,0.5236,3.5642109926321703
49,0.5346,3.566595014856607
50,0.5455,3.569061501291341
51,0.5564,3.571610281091709
52,0.5673,3.574213200132303
53,0.5782,3.576926054589331
54,0.5891,3.5797066918953013
55,0.6,3.5825828671504585
56,0.6109,3.585554350445688
57,0.6218,3.588606972071475
58,0.6327,3.5917962080273984
59,0.6437,3.5950799712941017
60,0.6546,3.5984857926633533
61,0.6655,3.6020410880499405
62,0.6764,3.605717681682802
63,0.6873,3.609570611582491
64,0.6982,3.613613150297082
65,0.7091,3.6178446622263922
66,0.72,3.622305895420761
67,0.7309,3.6270649291127945
68,0.7418,3.6321618906651176
69,0.7527,3.6376503405357696
70,0.7637,3.6436794590084345
71,0.7746,3.6503972386577326
72,0.7855,3.6580732633450634
73,0.7964,3.6671378485134696
74,0.8073,3.678437168146277
75,0.8182,3.6936025774303327
76,0.8291,3.7169476725104635
77,0.84,3.7611317620163733
78,0.8509,3.8026530593671386
79,0.8618,3.7065114497101654
80,0.8727,3.5298473920889
81,0.8837,3.527152475445271
82,0.8946,3.583503873649309
83,0.9055,3.613460944856053
84,0.9164,3.6319966960337395
85,0.9273,3.6457235221557873
86,0.9382,3.6569796280537306
87,0.9491,3.6668242390384624
88,0.96,3.67581283527875
89,0.9709,3.6842502629436016
90,0.9818,3.6923705122861117
91,0.9928,3.7002837729017486
92,1.0037,3.7081127275205645
93,1.0146,3.715898276325659
94,1.0255,3.7237212570223353
95,1.0364,3.731594833311891
96,1.0473,3.7395989089740627
97,1.0582,3.7477193064582623
98,1.0691,3.756021831672441
99,1.08,3.7645052795819
100,1.0909,3.773208184025896
101,1.1018,3.782142250101125
102,1.1128,3.7913717834050513
103,1.1237,3.8008814767103702
104,1.1346,3.810721716420657
105,1.1455,3.8209292063580564
106,1.1564,3.831501011353123
107,1.1673,3.842538223622505
108,1.1782,3.854010897753145
109,1.1891,3.866018623855813
110,1.2,3.8785822151915257
111,1.2109,3.8917605270622704
112,1.2218,3.9056241498638857
113,1.2328,3.9202678479920223
114,1.2437,3.9357591389717945
115,1.2546,3.9522145690739006
116,1.2655,3.9697606980774043
117,1.2764,3.988533565108861
118,1.2873,4.008715504996582
119,1.2982,4.030521058126356
120,1.3091,4.054207690782503
121,1.32,4.08013480169467
122,1.3309,4.108698090636498
123,1.3418,4.140458911763284
124,1.3528,4.176110630718492
125,1.3637,4.216598154911137
126,1.3746,4.263238205871213
127,1.3855,4.317858265390377
128,1.3964,4.383149552547803
129,1.4073,4.46323873437216
130,1.4182,4.564789151770318
131,1.4291,4.699340379437446
132,1.44,4.889458047720452
133,1.4509,5.187128300258722
134,1.4619,5.7387892984989
135,1.4728,6.4824006613370315
136,1.4837,6.769506565152807
137,1.4946,4.613052102767296
138,1.5055,0.7727039063972169
139,1.5164,0.07879117911868017
140,1.5273,2.200545387061188
141,1.5382,2.736421020237931
142,1.5491,3.0304950090703007
143,1.56,3.2245464797394376
144,1.5709,3.3664966953793374
145,1.5819,3.47797354791551
146,1.5928,3.5703361186308493
147,1.6037,3.6503013574224252
148,1.6146,3.722176782475545
149,1.6255,3.788970836520123
150,1.6364,3.852959901166894
151,1.6473,3.9160566900901728
152,1.6582,3.980012562794243
153,1.6691,4.046702361182497
154,1.68,4.118312761313788
155,1.6909,4.197689840852942
156,1.7019,4.288974236341366
157,1.7128,4.398738455511989
158,1.7237,4.538546022681714
159,1.7346,4.732018596751285
160,1.7455,5.03931548464246
161,1.7564,5.595684264673683
162,1.7673,6.035659110738098
163,1.7782,5.824356340960689
164,1.7891,3.132172766555177
165,1.8,1.1914360336442191
166,1.811,2.6949783430964445
167,1.8219,3.2616406914312313
168,1.8328,3.5785891074556186
169,1.8437,3.8101312313357396
170,1.8546,4.009538626824787
171,1.8655,4.204188387786637
172,1.8764,4.415857787565175
173,1.8873,4.671541501474647
174,1.8982,5.019691225563581
175,1.9091,5.582930516856972
176,1.92,6.5316249017835215
177,1.931,7.157574764736472
178,1.9419,6.398082737681386
179,1.9528,1.8542293176841123
180,1.9637,0.07971776187784214
181,1.9746,0.0006360232126862237
182,1.9855,1.6258228685807072
183,1.9964,2.2906549281810213
184,2.0073,2.6625927213901868
185,2.0182,2.918646946788871
186,2.0291,3.116311922770248
187,2.04,3.2828036797834867
188,2.051,3.4348362406379724
189,2.0619,3.586418826629149
190,2.0728,3.7553029172092094
191,2.0837,3.977021500963423
192,2.0946,4.341599504893515
193,2.1055,4.68189492670585
194,2.1164,4.55973667443803
195,2.1273,2.887290453752003
196,2.1382,2.2269803994573363
197,2.1491,2.88357547251772
198,2.1601,3.1847292049248095
199,2.171,3.362677504641367
200,2.1819,3.491475332864318
201,2.1928,3.5962758514885924
202,2.2037,3.6892140084305223
203,2.2146,3.7794576432581755
204,2.2255,3.8714895152098037
205,2.2364,3.9245977732363895
206,2.2473,3.9397553081183174
207,2.2582,3.9985195857442735
208,2.2691,4.097853101089945
209,2.2801,4.197618372363071
210,2.291,4.304044609434247
211,2.3019,4.426014008111587
212,2.3128,4.574221245195733
213,2.3237,4.767011642528263
214,2.3346,5.043342145839404
215,2.3455,5.509630059852247
216,2.3564,6.2790335112266185
217,2.3673,6.687206396406185
218,2.3782,5.694394604309972
219,2.3891,1.716240230313111
220,2.4001,0.1747238179663619
221,2.411,2.3913803619270078
222,2.4219,3.025838726700417
223,2.4328,3.3861187220769446
224,2.4437,3.6458743807213105
225,2.4546,3.863638181817754
226,2.4655,4.070540504650457
227,2.4764,4.293530197013608
228,2.4873,4.562323732700412
229,2.4982,4.955755589889597
230,2.5091,5.47509144939776
231,2.5201,5.567778595707959
232,2.531,4.211670434924264
233,2.5419,2.6468390267242983
234,2.5528,3.659211979522949
235,2.5637,4.3890223079130894
236,2.5746,5.114085532869035
237,2.5855,5.608406176552342
238,2.5964,5.452421394972009
239,2.6073,3.6710967736143005
240,2.6182,2.695240150838991
241,2.6292,2.7858350533985377
242,2.6401,1.5777664849079351
243,2.651,2.3729503571239436
244,2.6619,2.9188696444297983
245,2.6728,3.2262516950789815
246,2.6837,3.4436608427660236
247,2.6946,3.6170015205968604
248,2.7055,3.766178434434566
249,2.7164,3.9021660651489447
250,2.7273,4.032257432258015
251,2.7382,4.162511261246028
252,2.7492,4.299232489642773
253,2.7601,4.45104482116278
254,2.771,4.633087523455606
255,2.7819,4.881014260632019
256,2.7928,5.272965295577963
257,2.8037,5.636152130241781
258,2.8146,5.52122259122066
259,2.8255,4.306533748315467
260,2.8364,3.2018341496484597
261,2.8473,3.8763406504093885
262,2.8582,4.353240172697492
263,2.8692,4.6806837107414125
264,2.8801,4.975911976713415
265,2.891,5.288931839228031
266,2.9019,5.666259789376127
267,2.9128,6.192684358181717
268,2.9237,6.949633757432517
269,2.9346,7.730995363115716
270,2.9455,7.99831697615178
271,2.9564,6.55965441890169
272,2.9673,2.7665099511642794
273,2.9783,4.648061248620104
274,2.9892,6.392588370831493
275,3.0001,5.625223157719129
276,3.011,1.639126381508228
277,3.0219,0.14586843978802716
278,3.0328,2.5551877727453474
279,3.0437,3.587287910027579
280,3.0546,2.4939354865311074
281,3.0655,2.7586568996638294
282,3.0764,4.309008625307956
283,3.0873,5.335967104550614
284,3.0983,5.634970780822091
285,3.1092,2.887860827886434
286,3.1201,2.1294385757844876
287,3.131,2.564964646249768
288,3.1419,0.7249753963827291
289,3.1528,0.0405778816755615
290,3.1637,1.495693822297085
291,3.1746,2.1893149613520664
292,3.1855,2.6017109754928582
293,3.1964,2.9050645431728364
294,3.2073,3.152316608464321
295,3.2183,3.367996437052747
296,3.2292,3.5670295765799986
297,3.2401,3.7622207439073176
298,3.251,3.9452853392439247
299,3.2619,4.084433376386327
300,3.2728,4.234243453586593
301,3.2837,4.4538863430683655
302,3.2946,4.726989361158718
303,3.3055,5.012792298893937
304,3.3164,5.126260743167738
305,3.3273,5.205795232477813
306,3.3383,5.697960627766946
307,3.3492,6.201249340510181
308,3.3601,6.507334401866369
309,3.371,6.76871188886688
310,3.3819,6.861007949914915
311,3.3928,6.7908075602156135
312,3.4037,6.924035706521889
313,3.4146,3.084077696142514
314,3.4255,2.930865970332314
315,3.4364,4.139406671797203
316,3.4474,1.6119700798714474
317,3.4583,0.1487282741407413
318,3.4692,2.757918763712366
319,3.4801,4.096082783073644
320,3.491,5.375168612203544
321,3.5019,6.363040381460929
322,3.5128,5.529321728572508
323,3.5237,1.2747334843499867
324,3.5346,0.04158972029728071
325,3.5455,0.00017768479143211462
326,3.5564,0.008101193508520925
327,3.5674,1.8869445430017724
328,3.5783,2.466838661116442
329,3.5892,2.7841590050282696
330,3.6001,3.1633125726998514
331,3.611,3.471858914959326
332,3.6219,3.637946630293347
333,3.6328,3.939586782724431
334,3.6437,4.404372856715674
335,3.6546,5.017545816202307
336,3.6655,5.765095407149037
337,3.6764,6.056966461967273
338,3.6874,4.830210622082392
339,3.6983,3.819519968901624
340,3.7092,4.190456038501972
341,3.7201,2.511468903045568
342,3.731,3.0920104534656647
343,3.7419,3.7973194016118974
344,3.7528,4.436023618464314
345,3.7637,5.249262865990437
346,3.7746,5.449847266880087
347,3.7855,4.057528775359096
348,3.7965,4.209867560649386
349,3.8074,5.17106491109821
350,3.8183,5.932524921806026
351,3.8292,7.013002659685791
352,3.8401,7.79528062963183
353,3.851,7.4544467428529835
354,3.8619,3.6309811880886267
355,3.8728,0.4080775577992227
356,3.8837,0.015127301512247563
357,3.8946,0.04206327831612585
358,3.9055,2.4063433608409337
359,3.9165,3.1353297562065627
360,3.9274,2.7516626800961674
361,3.9383,3.376196459732338
362,3.9492,4.32972287267466
363,3.9601,5.339967260099755
364,3.971,6.518820557157013
365,3.9819,7.3225899535053465
366,3.9928,6.8306803364163
367,4.0037,3.672198058894353
368,4.0146,0.5175884089623556
369,4.0255,1.6600909906281311
370,4.0365,4.094502803769262
371,4.0474,5.467508770903802
372,4.0583,6.094868582096801
373,4.0692,5.129998245538675
374,4.0801,5.52386768663716
375,4.091,4.7437005617662695
376,4.1019,3.5605821111883236
377,4.1128,4.016265045821987
378,4.1237,6.354657254730295
379,4.1346,6.075677207233762
380,4.1456,3.0986258584712325
381,4.1565,2.1177784595787794
382,4.1674,0.37134457168984775
383,4.1783,0.008893394299046594
384,4.1892,1.510960110442957e-05
385,4.2001,0.00034077081453622314
386,4.211,1.7831625252587573
387,4.2219,3.4758770888321986
388,4.2328,4.776359542272681
389,4.2437,5.8655971016242425
390,4.2546,5.672543977665022
391,4.2656,1.9526371945930852
392,4.2765,0.4301952569963773
393,4.2874,0.16730125079605662
394,4.2983,0.020105240124807914
395,4.3092,0.006874731750908346
396,4.3201,0.09590713117193894
397,4.331,0.18833254954899964
398,4.3419,0.05435508231166481
399,4.3528,0.002352635902178559
400,4.3637,0.0005911831615259902
401,4.3746,0.1274199821460565
402,4.3856,1.2505249457101644
403,4.3965,1.7397207003746489
404,4.4074,2.220779604470492
405,4.4183,2.7431733567378274
406,4.4292,3.336075558105216
407,4.4401,4.1706673680882
408,4.451,4.9851606177987655
409,4.4619,5.361472124029574
410,4.4728,2.951893560211887
411,4.4837,0.5917946737117373
412,4.4946,2.9384802984642304
413,4.5056,3.6446334386042802
414,4.5165,1.9071894514374843
415,4.5274,1.9964697022046327
416,4.5383,2.46333644277993
417,4.5492,1.810630260924106
418,4.5601,2.8256328908444273
419,4.571,2.914254524948189
420,4.5819,2.270310874572154
421,4.5928,3.6619064222649826
422,4.6037,5.044118906337107
423,4.6147,5.952005771435797
424,4.6256,4.115094951115067
425,4.6365,0.7178161498458875
426,4.6474,0.021513915127946308
427,4.6583,0.00010015877764549146
428,4.6692,0.009420997526689125
429,4.6801,1.5440796526639673
430,4.691,2.318979850418431
431,4.7019,2.5472846881579185
432,4.7128,3.212189547025749
433,4.7237,3.7298159848230035
434,4.7347,2.4176485587187715
435,4.7456,1.0259110103746016
436,4.7565,2.5911629367540527
437,4.7674,3.6075351555497224
438,4.7783,4.699785731096601
439,4.7892,5.466195063895107
440,4.8001,5.2141023487766525
441,4.811,2.6749377638931087
442,4.8219,1.9609507455770592
443,4.8328,3.6807348791466206
444,4.8437,4.745382328216548
445,4.8547,2.7880578326237346
446,4.8656,1.5889709676498305
447,4.8765,4.278250301380897
448,4.8874,4.987816212510844
449,4.8983,1.8167822604020798
450,4.9092,0.12120128431163234
451,4.9201,0.00486519623704397
452,4.931,0.00026408921168848826
453,4.9419,0.1797038309044872
454,4.9528,2.23508132206319
455,4.9638,2.9652795566195262
456,4.9747,1.562641059489097
457,4.9856,0.22402551921544675
458,4.9965,1.3114645244344632
459,5.0074,2.2942316969839363
460,5.0183,2.6689067910117936
461,5.0292,2.5715810523541487
462,5.0401,2.735230298741976
463,5.051,3.2198557492289135
464,5.0619,3.987568535228661
465,5.0728,4.924206695900071
466,5.0838,6.0244736863289114
467,5.0947,6.852192562232532
468,5.1056,6.836393859393156
469,5.1165,6.176981147322001
470,5.1274,2.2300720001415297
471,5.1383,0.28702476879635175
472,5.1492,0.025711873684503592
473,5.1601,0.0006672518038796231
474,5.171,1.6279274549392464
475,5.1819,3.697987863185537
476,5.1928,4.978590395488526
477,5.2038,3.3803275906326014
478,5.2147,0.8113196042542129
479,5.2256,0.06931290123027568
480,5.2365,0.006894395147880667
481,5.2474,0.13760629672892422
482,5.2583,0.5172998646107159
483,5.2692,1.7165576560599791
484,5.2801,2.9117424076366687
485,5.291,3.5026155558450895
486,5.3019,1.9099555078365549
487,5.3129,0.5082460885198172
488,5.3238,2.223026516178455
489,5.3347,2.724063081608699
490,5.3456,2.8349574624187155
491,5.3565,4.218786729880546
492,5.3674,5.262329173713349
493,5.3783,5.278984632080755
494,5.3892,4.380374218308064
495,5.4001,1.312095443144017
496,5.411,0.2681484816330759
497,5.4219,1.0696126149368248
498,5.4329,1.6899417482218166
499,5.4438,1.1543854445793675
500,5.4547,1.4399366568300254
501,5.4656,0.8882252751642253
502,5.4765,0.2280167565021241
503,5.4874,2.0796167124854272
504,5.4983,3.574847064763952
505,5.5092,5.013989467774673
506,5.5201,6.151504074550659
507,5.531,3.5496411693056067
508,5.5419,0.3501947564755608
509,5.5529,0.005023651946191356
510,5.5638,0.0009447973672451579
511,5.5747,0.00028077057528553493
512,5.5856,1.8502286483240603e-05
513,5.5965,0.0
514,5.6074,0.00011753233860915814
515,5.6183,1.5776591112702754
516,5.6292,2.9761516835450736
517,5.6401,4.014317238429332
518,5.651,3.620376403047962
519,5.6619,1.5723335783578458
520,5.6729,0.8373686087341095
521,5.6838,0.24149372720604043
522,5.6947,0.05171835337931441
523,5.7056,0.2866966283610085
524,5.7165,0.8184018388528458
525,5.7274,2.1322677511422996
526,5.7383,2.0368623656603444
527,5.7492,0.44715463299470587
528,5.7601,0.016338001304241442
529,5.771,1.0749883730363685
530,5.782,2.2718276374427036
531,5.7929,3.4284721955660156
532,5.8038,4.518267226445262
533,5.8147,5.2808160643517965
534,5.8256,3.026781619814367
535,5.8365,0.7082282989131693
536,5.8474,0.19032875097869736
537,5.8583,0.6911505264653331
538,5.8692,2.088514815346306
539,5.8801,2.8645105111508133
540,5.891,2.630862491146194
541,5.902,1.0312055182273745
542,5.9129,0.07330284114841056
543,5.9238,0.006281957831793708
544,5.9347,0.011262106804892397
545,5.9456,0.003761624270353157
546,5.9565,0.0723402601435833
547,5.9674,0.9107252070152524
548,5.9783,1.1813014124474834
549,5.9892,0.4277559337257498
550,6.0001,1.2325468053056825
551,6.011,2.3045722397234094
552,6.022,3.171647453531158
553,6.0329,3.4719413858222956
554,6.0438,1.3231130680209218
555,6.0547,0.12959421683469866
556,6.0656,1.1807262695126126
557,6.0765,2.0577309589401636
558,6.0874,1.5743812449258874
559,6.0983,1.5704759916370266
560,6.1092,0.7552684711681207
561,6.1201,0.13177031924453647
562,6.1311,0.14074982605623262
563,6.142,1.4684708131957205
564,6.1529,1.701961609543678
565,6.1638,0.5287701306711947
566,6.1747,0.15902861898389378
567,6.1856,1.7277923853010797
568,6.1965,2.3039913640067393
569,6.2074,2.2662588332388354
570,6.2183,2.3099009074850327
571,6.2292,2.9924045296209942
572,6.2401,3.2315428445823637
573,6.2511,3.3885365912584775
574,6.262,2.510719752791285
575,6.2729,2.441133923030028
576,6.2838,2.4949917397275225
577,6.2947,2.9280892023891014
578,6.3056,2.5593929047335218
579,6.3165,2.127206670838901
580,6.3274,0.9979224762742208
581,6.3383,0.12096850236490556
582,6.3492,0.002196975565063677
583,6.3601,0.0001334344254675383
584,6.3711,0.228991277094185
585,6.382,2.060114039833415
586,6.3929,2.8514998425630393
587,6.4038,1.7658426700007903
588,6.4147,0.8361017075066192
589,6.4256,2.6488280956213055
590,6.4365,2.754443554558034
591,6.4474,1.2460704528336177
592,6.4583,0.38052397598572535
593,6.4692,0.4785598123181309
594,6.4802,0.7449756224243821
595,6.4911,1.1107772126004096
596,6.502,1.6580470459170817
597,6.5129,2.4459205906120705
598,6.5238,1.3207848190420028
599,6.5347,0.17637256901962842
600,6.5456,0.012375198848943047
601,6.5565,0.06101739840070957
602,6.5674,0.3495484213797044
603,6.5783,1.6974346711842327
604,6.5892,2.7044618474031252
605,6.6002,3.43455645351441
606,6.6111,2.837789348439035
607,6.622,0.9706273065212109
608,6.6329,1.9466278356609745
609,6.6438,2.926403653529195
610,6.6547,2.66709911675605
611,6.6656,0.894398265158686
612,6.6765,0.08757311759994796
613,6.6874,0.016738710606674576
614,6.6983,0.13770340343443355
615,6.7092,0.25077750615389516
616,6.7202,0.25746352352065194
617,6.7311,1.5965036542487905
618,6.742,1.8749128430377002
619,6.7529,0.565191925476363
620,6.7638,0.07326534055053267
621,6.7747,0.08855538994412916
622,6.7856,0.028276598469057456
623,6.7965,0.05274551040069487
624,6.8074,0.6484330181505853
625,6.8183,1.0380922379389497
626,6.8292,1.582558939934084
627,6.8402,2.101928328459927
628,6.8511,1.8304275440319955
629,6.862,1.9872154481509245
630,6.8729,2.66191079104415
631,6.8838,1.4852249850993193
632,6.8947,0.24892398427777657
633,6.9056,0.1763293463408842
634,6.9165,1.063114469671036
635,6.9274,1.988206448331451
636,6.9383,2.499731708639406
637,6.9493,2.5873165736988932
638,6.9602,3.0096766754833078
639,6.9711,2.7939428826998087
640,6.982,0.9697897152806779
641,6.9929,0.2911820268420786
642,7.0038,1.5661416591144859
643,7.0147,1.8582860385329178
644,7.0256,0.5889652016151685
645,7.0365,0.06998205090857954
646,7.0474,0.16947530249200526
647,7.0583,1.3306508025209427
648,7.0693,1.4234481712602038
649,7.0802,0.6478156895405801
650,7.0911,1.660620965615787
651,7.102,2.5412345700791428
652,7.1129,3.150083932181371
653,7.1238,3.0779926314202513
654,7.1347,1.4058022982797864
655,7.1456,0.21751768301873753
656,7.1565,0.7039431041589406
657,7.1674,1.4908145944600781
658,7.1783,1.5058348743925518
659,7.1893,1.8014436522810697
660,7.2002,2.477643640835003
661,7.2111,3.2389792201043632
662,7.222,3.221395029576692
663,7.2329,2.0097599654401095
664,7.2438,0.9150155247886161
665,7.2547,0.106676664582657
666,7.2656,1.325205014477399
667,7.2765,2.3326882098055575
668,7.2874,2.882659999404306
669,7.2984,3.3922553421117274
670,7.3093,4.0114738775511105
671,7.3202,3.5329103900115912
672,7.3311,2.4858008306852653
673,7.342,1.8283170971441425
674,7.3529,1.7688990700904461
675,7.3638,3.084329444086061
676,7.3747,2.014203882117873
677,7.3856,0.2640985357067822
678,7.3965,0.00595567958483834
679,7.4074,0.07056612805754664
680,7.4184,1.135877850853206
681,7.4293,1.8013710534712122
682,7.4402,1.2183609809509819
683,7.4511,0.8751035272676535
684,7.462,0.5654132549269824
685,7.4729,0.12069806489144941
686,7.4838,0.1535844813332299
687,7.4947,1.1276033218704005
688,7.5056,1.5770268683536497
689,7.5165,1.378875259497357
690,7.5274,2.1242132481621696
691,7.5384,1.2435547935704796
692,7.5493,0.3678695889015126
693,7.5602,0.10323888572800254
694,7.5711,0.005193844338971487
695,7.582,0.006609355397040345
696,7.5929,0.5019180028572023
697,7.6038,1.5613520498331015
698,7.6147,2.187104057277739
699,7.6256,2.1403524428895198
700,7.6365,0.7083303212394286
701,7.6474,0.1519454787138585
702,7.6584,0.927236741572234
703,7.6693,1.7494305160277406
704,7.6802,2.5458569022161077
705,7.6911,2.5915252934836883
706,7.702,1.9965222287268864
707,7.7129,1.9180870324828558
708,7.7238,1.1168115553015399
709,7.7347,0.556630253670957
710,7.7456,0.4312113811633732
711,7.7565,0.5602109584596038
712,7.7675,0.762100504193028
713,7.7784,1.8970929158685963
714,7.7893,2.722599382081561
715,7.8002,2.303036827635974
716,7.8111,0.9358819685890026
717,7.822,0.10924404719630254
718,7.8329,0.018958655147161607
719,7.8438,0.15437518969191805
720,7.8547,0.771675199281855
721,7.8656,1.085314160325302
722,7.8765,0.8419895510513433
723,7.8875,1.89635291716121
724,7.8984,2.0804871449713938
725,7.9093,0.7902361758910946
726,7.9202,0.4624592225122483
727,7.9311,0.18621073077700886
728,7.942,0.9164540235512834
729,7.9529,1.6477562369825745
730,7.9638,1.1161432387121188
731,7.9747,0.5938127706755321
732,7.9856,1.4625300098137868
733,7.9965,2.1922246227091646
734,8.0075,1.2456679776406143
735,8.0184,0.162619433270972
736,8.0293,0.3894906354471637
737,8.0402,1.2189767705247092
738,8.0511,0.9997672304376768
739,8.062,0.3856232248724569
740,8.0729,1.3920563330171842
741,8.0838,2.007425981532865
742,8.0947,1.8205635864081922
743,8.1056,1.443438126920705
744,8.1166,2.4031556736130675
745,8.1275,2.343142103068853
746,8.1384,0.6576498374685646
747,8.1493,0.279500560495861
748,8.1602,1.972039794483609
749,8.1711,2.709852864636884
750,8.182,2.6145067868016523
751,8.1929,1.2060716821302029
752,8.2038,1.2885891845612183
753,8.2147,1.7547810265969443
754,8.2256,2.0025686948169374
755,8.2366,2.245995750709086
756,8.2475,1.0191945346518545
757,8.2584,0.14587047848084483
758,8.2693,0.21355876571991475
759,8.2802,1.3146079694547836
760,8.2911,1.793830268174951
761,8.302,2.0026072039919387
762,8.3129,1.9259696296629722
763,8.3238,1.9256441793012966
764,8.3347,1.149556272377829
765,8.3456,0.5139370943878657
766,8.3566,1.0786655599931267
767,8.3675,0.8375821129191655
768,8.3784,0.25698429682125834
769,8.3893,0.8202344525573464
770,8.4002,1.9506363755756913
771,8.4111,2.8558185319041383
772,8.422,3.526702902075053
773,8.4329,3.4156741087705043
774,8.4438,2.4457599166742234
775,8.4547,1.4789598945236817
776,8.4657,0.29293051400734205
777,8.4766,1.3299961965099893
778,8.4875,2.3347816476867624
779,8.4984,1.3350880517604675
780,8.5093,0.6063456009773471
781,8.5202,0.769725323261969
782,8.5311,2.148681398601486
783,8.542,2.6123244410533935
784,8.5529,1.3315484338429238
785,8.5638,1.9279064806329598
786,8.5747,2.6703127051046627
787,8.5857,1.5735826280741785
788,8.5966,0.21539595488572785
789,8.6075,0.8567856480767402
790,8.6184,1.9698428592693464
791,8.6293,0.9223704028589879
792,8.6402,0.09875868881900106
793,8.6511,0.18646241595103943
794,8.662,0.8041495257190108
795,8.6729,1.2354594786351685
796,8.6838,1.1169809668438393
797,8.6947,0.4632167421223256
798,8.7057,0.07802343785187933
799,8.7166,0.2736999655530064
800,8.7275,1.6590342264946176
801,8.7384,1.9031829939620362
802,8.7493,1.0366958781722653
803,8.7602,0.885411029207815
804,8.7711,1.5528777266555995
805,8.782,0.7923895191493004
806,8.7929,1.344002331848808
807,8.8038,1.7753913370889725
808,8.8147,0.7557908580263124
809,8.8257,0.38127870737089065
810,8.8366,0.08440482982810349
811,8.8475,0.021919135649695182
812,8.8584,0.00905730249097101
813,8.8693,0.0011928074783024714
814,8.8802,0.050981309904226904
815,8.8911,0.48226719382991945
816,8.902,0.5626322619190214
817,8.9129,0.10183957862120514
818,8.9238,0.004068625139296351
819,8.9348,0.0037610096102296403
820,8.9457,0.011909753661827614
821,8.9566,0.0505793198124036
822,8.9675,0.1943464065302457
823,8.9784,0.32622346199586727
824,8.9893,0.9181756757813495
825,9.0002,1.1750027100310905
826,9.0111,1.1813794013427503
827,9.022,0.6758423286660855
828,9.0329,0.6357773581032797
829,9.0438,1.119382707385611
830,9.0548,1.5719720444394425
831,9.0657,0.6979495599136657
832,9.0766,0.10466637845653737
833,9.0875,0.21058607992730313
834,9.0984,0.27296464438800305
835,9.1093,0.21866329284380742
836,9.1202,0.2927286248914217
837,9.1311,0.3460799660742604
838,9.142,0.15258307633264864
839,9.1529,0.09272975711650963
840,9.1638,0.5142388154815618
841,9.1748,0.4697685565392879
842,9.1857,0.07421469268399145
843,9.1966,0.022061638316639275
844,9.2075,0.09093501720221804
845,9.2184,0.07706768544297399
846,9.2293,0.3917645795404015
847,9.2402,0.9160981244326825
848,9.2511,0.707910248827352
849,9.262,0.20972166525722327
850,9.2729,0.4943824750130982
851,9.2839,1.3462380478176041
852,9.2948,1.8564642908314986
853,9.3057,1.256578544536803
854,9.3166,0.27595702718092285
855,9.3275,0.053780606298261216
856,9.3384,0.7699811198693619
857,9.3493,1.7432616605730638
858,9.3602,2.3831147293776054
859,9.3711,2.1331148887178304
860,9.382,0.9160546582119995
861,9.3929,0.48608179978712157
862,9.4039,0.40740793218757293
863,9.4148,0.2403556100089503
864,9.4257,0.2935497135358237
865,9.4366,0.6738061469178207
866,9.4475,0.6703614979884461
867,9.4584,0.5117968595535511
868,9.4693,0.5190479802247456
869,9.4802,0.2313078856490668
870,9.4911,0.44735360661608864
871,9.502,0.9950783745462565
872,9.5129,1.5508114878775119
873,9.5239,1.5728212043436722
874,9.5348,0.9021742750406947
875,9.5457,0.44712426255671256
876,9.5566,0.4950724157184131
877,9.5675,1.1472048548111784
878,9.5784,1.7648154922855714
879,9.5893,1.8274357829078327
880,9.6002,1.4730833890692443
881,9.6111,0.4108509105451145
882,9.622,0.052008407992240914
883,9.633,0.1297962760237946
884,9.6439,0.7131900133146799
885,9.6548,0.7102578731944136
886,9.6657,0.2250036072958784
887,9.6766,0.30708179029490107
888,9.6875,1.170516807997401
889,9.6984,1.3821561533489628
890,9.7093,0.7109350608241267
891,9.7202,0.5948006079194825
892,9.7311,1.2183988995536348
893,9.742,1.1742043291263131
894,9.753,0.54135596593329
895,9.7639,0.37038066432531735
896,9.7748,1.18101615560325
897,9.7857,1.9603570076162444
898,9.7966,1.5222828560058705
899,9.8075,0.48256317916896635
900,9.8184,0.8306335957958209
901,9.8293,1.0728123022150593
902,9.8402,0.8710178129891047
903,9.8511,1.3976222670532328
904,9.862,0.968006501284453
905,9.873,1.6494298765593665
906,9.8839,1.7346493560487857
907,9.8948,0.6419934674548647
908,9.9057,0.30437256387135453
909,9.9166,0.2659383167561622
910,9.9275,0.46653816792612884
911,9.9384,0.35396838409246323
912,9.9493,0.11435543955390728
913,9.9602,0.0079213338735534
914,9.9711,0.0010676420074115253
915,9.982,0.6246742660362562
916,9.993,1.4271920216211185
917,10.0039,2.054738840215776
918,10.0148,2.5850908340554954
919,10.0257,2.22653269162608
920,10.0366,0.9525091980390694
921,10.0475,1.476540010962696
922,10.0584,1.3693345136861053
923,10.0693,1.3269227067205982
924,10.0802,0.9362238277870245
925,10.0911,0.23757854188287927
926,10.1021,0.10084697369432333
927,10.113,0.504612784459315
928,10.1239,1.0540075223105103
929,10.1348,0.8499135503179213
930,10.1457,0.6082099789648546
931,10.1566,0.30487783741080793
932,10.1675,0.15786512565848673
933,10.1784,0.850572654102649
934,10.1893,1.3837513352992128
935,10.2002,0.696093483052426
936,10.2111,0.48314908142470303
937,10.2221,0.5772580598787195
938,10.233,0.5179808384876115
939,10.2439,0.5566345534184426
940,10.2548,0.21478991925646002
941,10.2657,0.24461400782242176
942,10.2766,0.1813796677157029
943,10.2875,0.03744404444679579
944,10.2984,0.06128801459586712
945,10.3093,0.04939821557177818
946,10.3202,0.3106511452195294
947,10.3311,0.6130877062462836
948,10.3421,0.199261841700198
949,10.353,0.010743840159538613
950,10.3639,0.00016529490045660334
951,10.3748,0.0027275017198615703
952,10.3857,0.06403642994983044
953,10.3966,0.49997515399466347
954,10.4075,1.0873570789441707
955,10.4184,1.012411706390342
956,10.4293,0.9706498767946362
957,10.4402,0.5321044423470004
958,10.4512,0.49980684617289917
959,10.4621,0.8146581773407848
960,10.473,0.34749282873549747
961,10.4839,0.15295100942205297
962,10.4948,0.41147601092099695
963,10.5057,0.9741738160119431
964,10.5166,0.7308671763968481
965,10.5275,0.23519740287253715
966,10.5384,0.07539151344795837
967,10.5493,0.12602294633583955
968,10.5602,0.3507678231298456
969,10.5712,0.8315653956328849
970,10.5821,1.1499236211386161
971,10.593,1.0636777338487715
972,10.6039,1.0344135387241045
973,10.6148,1.7282347018369564
974,10.6257,1.4689667595019522
975,10.6366,0.5784487346108675
976,10.6475,0.9002075944486286
977,10.6584,0.8922411138355043
978,10.6693,0.7304027724718442
979,10.6802,0.6867511820342523
980,10.6912,0.9593217214933966
981,10.7021,0.6036309497443788
982,10.713,0.19125520269064544
983,10.7239,0.6929388428090516
984,10.7348,1.2777748572352954
985,10.7457,0.6729557634012197
986,10.7566,0.13733802618465119
987,10.7675,0.06795710878102441
988,10.7784,0.05739891123585957
989,10.7893,0.27108192233918477
990,10.8003,0.320088766047524
991,10.8112,0.4309597059366823
992,10.8221,1.2908566901305776
993,10.833,1.9290214361066975
994,10.8439,1.236571244941399
995,10.8548,0.20093402004434432
996,10.8657,0.009335870054543938
997,10.8766,0.010296756155573024
998,10.8875,0.3840150584789575
999,10.8984,1.2634044388170036
1000,10.9093,1.1814933776824588
1001,10.9203,0.28392983303976355
1002,10.9312,0.10018338851664085
1003,10.9421,0.4681988074998232
1004,10.953,0.4446121971584396
1005,10.9639,0.1531066322962325
1006,10.9748,0.24095974748417429
1007,10.9857,1.0766769593029726
1008,10.9966,0.9265617230669246
1009,11.0075,0.421168681789819
1010,11.0184,0.6406621575073898
1011,11.0293,0.46750528516192436
1012,11.0403,0.5341060380755168
1013,11.0512,0.6999961844932356
1014,11.0621,0.5251233996032907
1015,11.073,0.42471312678352785
1016,11.0839,0.9861296453919342
1017,11.0948,1.653839031021062
1018,11.1057,0.982093117866283
1019,11.1166,0.3261416813969355
1020,11.1275,0.4836613635740608
1021,11.1384,0.20084538507489424
1022,11.1493,0.4095497487273274
1023,11.1603,0.9919424961021535
1024,11.1712,0.8549619814384111
1025,11.1821,0.26175572626908417
1026,11.193,0.18639855461890434
1027,11.2039,0.7460092667223422
1028,11.2148,0.8648675661960563
1029,11.2257,0.3747256972737619
1030,11.2366,0.05459430801372282
1031,11.2475,0.01183441328455997
1032,11.2584,0.08461783614195598
1033,11.2694,0.8170057135746543
1034,11.2803,1.0271037944363661
1035,11.2912,0.46134198055037207
1036,11.3021,0.6511335785895185
1037,11.313,0.4532882268376981
1038,11.3239,0.11664021611572453
1039,11.3348,0.06451274497347215
1040,11.3457,0.03678919965505602
1041,11.3566,0.07350916856984607
1042,11.3675,0.0290401584616828
1043,11.3784,0.0016858227125338369
1044,11.3894,0.014995008306329894
1045,11.4003,0.1949754797391462
1046,11.4112,0.3186096747116968
1047,11.4221,0.2176049077647015
1048,11.433,0.36263752292826157
1049,11.4439,0.14543440088171158
1050,11.4548,0.06724382874905249
1051,11.4657,0.43939217571175426
1052,11.4766,0.654303069749261
1053,11.4875,0.7406596307494905
1054,11.4984,0.4998034278022192
1055,11.5094,0.18700281971397031
1056,11.5203,0.24067309246267116
1057,11.5312,0.5987786445249854
1058,11.5421,0.5525266502387369
1059,11.553,0.8964930947654207
1060,11.5639,1.1378034364592249
1061,11.5748,0.6624132623593691
1062,11.5857,0.6522508703113804
1063,11.5966,0.943875893284444
1064,11.6075,0.31964201824146465
1065,11.6185,0.23847043594754672
1066,11.6294,0.4011673294660563
1067,11.6403,0.3592351048204805
1068,11.6512,0.2603826786255394
1069,11.6621,0.21831464071505427
1070,11.673,0.1317454788856
1071,11.6839,0.1250100056831065
1072,11.6948,0.45904430352985687
1073,11.7057,1.320087152759495
1074,11.7166,1.470523668045732
1075,11.7275,0.8899490824630698
1076,11.7385,0.43575011754390003
1077,11.7494,0.7097445881243385
1078,11.7603,0.9369177159640556
1079,11.7712,0.8335400264336802
1080,11.7821,0.2737433243999208
1081,11.793,0.16708655191270771
1082,11.8039,0.27494592474094603
1083,11.8148,0.3038857017820306
1084,11.8257,0.1999079752400591
1085,11.8366,0.11037183422322387
1086,11.8475,0.02462602673112628
1087,11.8585,0.04065765141645234
1088,11.8694,0.11599665048160937
1089,11.8803,0.0775695874930098
1090,11.8912,0.5428886459422184
1091,11.9021,1.0119817119109003
1092,11.913,0.7173611791625523
1093,11.9239,0.8632597627867674
1094,11.9348,1.0285074493230837
1095,11.9457,0.2891038265304397
1096,11.9566,0.03545466926485815
1097,11.9676,0.07704535829588552
1098,11.9785,0.052637237213335776
1099,11.9894,0.22486048555059635
1100,12.0003,0.42845391624956375
1101,12.0112,0.2165898930151339
1102,12.0221,0.46622949021883575
1103,12.033,0.6994995289118147
1104,12.0439,0.44304664793087045
1105,12.0548,0.09014529226471146
1106,12.0657,0.3226177437903801
1107,12.0766,0.5986236911654563
1108,12.0876,0.2628277149591849
1109,12.0985,0.22747375146749477
1110,12.1094,0.5057227491353744
1111,12.1203,1.144860392413021
1112,12.1312,0.8726298033799093
1113,12.1421,0.18023444908142253
1114,12.153,0.07491083155604698
1115,12.1639,0.10257511409099827
1116,12.1748,0.43631115063887116
1117,12.1857,0.6246649154441695
1118,12.1966,0.5202297399957277
1119,12.2076,0.16629074829951332
1120,12.2185,0.0435378118386347
1121,12.2294,0.10497553483987838
1122,12.2403,0.2238317934390101
1123,12.2512,0.18191241217026494
1124,12.2621,0.47361589911264745
1125,12.273,0.5882966643209692
1126,12.2839,0.16587107175704516
1127,12.2948,0.010049440336958626
1128,12.3057,0.03322796069743292
1129,12.3166,0.07557757260002754
1130,12.3276,0.06237327477440672
1131,12.3385,0.036326145730743914
1132,12.3494,0.05598504106513904
1133,12.3603,0.37108376907210067
1134,12.3712,0.5726226099253118
1135,12.3821,0.26927509208331063
1136,12.393,0.3077172573358342
1137,12.4039,0.4337185642975419
1138,12.4148,0.36723153508703343
1139,12.4257,0.26885205750228236
1140,12.4367,0.08805327279797806
1141,12.4476,0.02522018013275807
1142,12.4585,0.01032381740561153
1143,12.4694,0.0832435904103874
1144,12.4803,0.23406161009802298
1145,12.4912,0.20026708091722545
1146,12.5021,0.39351865919352
1147,12.513,0.7897589691553561
1148,12.5239,0.5874170904519562
1149,12.5348,0.5820585925381168
1150,12.5457,0.3441133024496828
1151,12.5567,0.30250713631767184
1152,12.5676,0.13654107840345406
1153,12.5785,0.012624275050146475
1154,12.5894,0.004291276626694886
1155,12.6003,0.05059333812706362
1156,12.6112,0.10045430892019123
1157,12.6221,0.0367209634868744
1158,12.633,0.03482824728837237
1159,12.6439,0.09342236458170285
1160,12.6548,0.0658767162368475
1161,12.6657,0.04210343828886441
1162,12.6767,0.024143900828804316
1163,12.6876,0.08720011846441886
1164,12.6985,0.1765584511099629
1165,12.7094,0.08401757108200378
1166,12.7203,0.08616206139235826
1167,12.7312,0.13698842965361435
1168,12.7421,0.053878468512285435
1169,12.753,0.004004764376770218
1170,12.7639,0.0032357391794868586
1171,12.7748,0.07454337309509163
1172,12.7858,0.21151075229997116
1173,12.7967,0.10059885832196847
1174,12.8076,0.06899220974368829
1175,12.8185,0.22199220098774586
1176,12.8294,0.46920318326257365
1177,12.8403,0.23939268611627768
1178,12.8512,0.10480955785256597
1179,12.8621,0.3802709400307243
1180,12.873,0.28974743843422096
1181,12.8839,0.054566816736284954
1182,12.8948,0.016419004707176502
1183,12.9058,0.03497565335931339
1184,12.9167,0.01674599628501765
1185,12.9276,0.007194293594746188
1186,12.9385,0.0859855819670748
1187,12.9494,0.21141574073808342
1188,12.9603,0.1729920906453076
1189,12.9712,0.2529283211744653
1190,12.9821,0.15347474554731746
1191,12.993,0.492204389517161
1192,13.0039,1.1532701933355185
1193,13.0148,0.9624276854359486
1194,13.0258,0.17510464570835504
1195,13.0367,0.08990699991285858
1196,13.0476,0.31957302781465435
1197,13.0585,0.2932330002900484
1198,13.0694,0.17928163284812443
1199,13.0803,0.09506422761316574
1200,13.0912,0.07811294020711053
1201,13.1021,0.023775596689224996
1202,13.113,0.00171715557762404
1203,13.1239,0.006724579963550418
1204,13.1348,0.008553923460209186
1205,13.1458,0.0015148519247201535
1206,13.1567,0.00030759796247462555
1207,13.1676,0.00699862568837123
1208,13.1785,0.1272687041989231
1209,13.1894,0.3140259607495454
1210,13.2003,0.26041906207902854
1211,13.2112,0.3145892718537665
1212,13.2221,0.18819547515146157
1213,13.233,0.022593723023128804
1214,13.2439,0.009704115615939835
1215,13.2549,0.01792511197768567
1216,13.2658,0.1066322802734765
1217,13.2767,0.28045262378073177
1218,13.2876,0.3793769179522351
1219,13.2985,0.5976906913609131
1220,13.3094,0.25794962177272757
1221,13.3203,0.0969580159080784
1222,13.3312,0.05785349740935113
1223,13.3421,0.005663997122743561
1224,13.353,0.009536863904892758
1225,13.3639,0.09671527880413461
1226,13.3749,0.2024689194393164
1227,13.3858,0.17132806770949502
1228,13.3967,0.05085791248122308
1229,13.4076,0.04047688568453632
1230,13.4185,0.09815299487114004
1231,13.4294,0.03991338675807357
1232,13.4403,0.09874341729138318
1233,13.4512,0.447183396362799
1234,13.4621,0.5517058602865257
1235,13.473,0.2442640346365352
1236,13.4839,0.17013695712376786
1237,13.4949,0.09830161946954197
1238,13.5058,0.012673775037893496
1239,13.5167,0.003386405336496953
1240,13.5276,0.12677810895894975
1241,13.5385,0.4720574944862544
1242,13.5494,0.2754944347169617
1243,13.5603,0.03101193962364479
1244,13.5712,0.16601999155006875
1245,13.5821,0.4719130828459791
1246,13.593,0.22992348393623693
1247,13.604,0.11857159022903087
1248,13.6149,0.3050918025080167
1249,13.6258,0.16284244697904796
1250,13.6367,0.1112452136873218
1251,13.6476,0.21460676337469303
1252,13.6585,0.11791905787035589
1253,13.6694,0.09897543936101774
1254,13.6803,0.4362858046799271
1255,13.6912,0.507061024041215
1256,13.7021,0.18983837211366678
1257,13.713,0.03502713105048854
1258,13.724,0.032584414214258894
1259,13.7349,0.011576986328684199
1260,13.7458,0.019547755217896572
1261,13.7567,0.031453205965356515
1262,13.7676,0.013568777160221845
1263,13.7785,0.016182664814454448
1264,13.7894,0.015066383394574827
1265,13.8003,0.027702988485969023
1266,13.8112,0.027485684982229346
1267,13.8221,0.02217298751840633
1268,13.833,0.0101548165021134
1269,13.844,0.0022029978950377526
1270,13.8549,0.08291439188245041
1271,13.8658,0.5515576872501585
1272,13.8767,0.6485103871048297
1273,13.8876,0.23581481784090225
1274,13.8985,0.27288237577017466
1275,13.9094,0.1820270383916147
1276,13.9203,0.025430358897412932
1277,13.9312,0.07697727799529963
1278,13.9421,0.11255335091164996
1279,13.9531,0.023956293989547815
1280,13.964,0.0007815284597585927
1281,13.9749,4.776658274724036e-05
1282,13.9858,0.00014872640420620622
1283,13.9967,0.002181113738373198
1284,14.0076,0.016026427396549588
1285,14.0185,0.18656028979760653
1286,14.0294,0.36343522235438025
1287,14.0403,0.18114189931348476
1288,14.0512,0.044991122438601955
1289,14.0621,0.002778961423663299
1290,14.0731,0.0003034640746502677
1291,14.084,0.004436993809615179
1292,14.0949,0.059349306122229946
1293,14.1058,0.11638008859570062
1294,14.1167,0.09249103774384405
1295,14.1276,0.12916651429673726
1296,14.1385,0.039721959728315166
1297,14.1494,0.005710600588505698
1298,14.1603,0.186631439130219
1299,14.1712,0.7729143263127476
1300,14.1821,0.9123891139008333
1301,14.1931,0.46710055470865586
1302,14.204,0.1655167834921872
1303,14.2149,0.05159831968585141
1304,14.2258,0.004951330372668863
1305,14.2367,8.622291711488916e-05
1306,14.2476,0.0
1307,14.2585,0.0
1308,14.2694,0.0004256282308927399
1309,14.2803,0.004935376223056901
1310,14.2912,0.010411873920838165
1311,14.3021,0.016903451014775257
1312,14.3131,0.01076814931881844
1313,14.324,0.02389931149069599
1314,14.3349,0.09772171557935742
1315,14.3458,0.10362341373846393
1316,14.3567,0.1481044033053477
1317,14.3676,0.06329932865073562
1318,14.3785,0.003959007518420266
1319,14.3894,0.00015392916048043124
1320,14.4003,0.003123819315263107
1321,14.4112,0.02949835392709046
1322,14.4222,0.06312563546247846
1323,14.4331,0.05328329403397412
1324,14.444,0.03648473734369705
1325,14.4549,0.019632159822045928
1326,14.4658,0.07532111619843311
1327,14.4767,0.05666787164447516
1328,14.4876,0.007109663417749445
1329,14.4985,0.00017001601683729658
1330,14.5094,0.0006485414274767044
1331,14.5203,0.01669240012298418
1332,14.5312,0.08631105539662681
1333,14.5422,0.10078280838594113
1334,14.5531,0.04242249786185089
1335,14.564,0.25023207316081536
1336,14.5749,0.5232663876391409
1337,14.5858,0.22433983134091703
1338,14.5967,0.014506416125739179
1339,14.6076,0.00015553439034258283
1340,14.6185,0.0020487325007750843
1341,14.6294,0.047894225960137864
1342,14.6403,0.13352533616395487
1343,14.6512,0.08083874254518858
1344,14.6622,0.08984036946202725
1345,14.6731,0.05472227520387623
1346,14.684,0.009707264772670423
1347,14.6949,0.04427449193017813
1348,14.7058,0.23264172513914616
1349,14.7167,0.253657841825507
1350,14.7276,0.05418605545038095
1351,14.7385,0.0016917900847416634
1352,14.7494,0.0006933750226695926
1353,14.7603,0.0096394238222327
1354,14.7713,0.019532385963303502
1355,14.7822,0.02756366569576458
1356,14.7931,0.25149787039304544
1357,14.804,0.36978120975369366
1358,14.8149,0.1348062962676529
1359,14.8258,0.02316067629072819
1360,14.8367,0.03849414142321435
1361,14.8476,0.019091534886867406
1362,14.8585,0.003001472950196464
1363,14.8694,0.07635320048707743
1364,14.8803,0.32137855846588215
1365,14.8913,0.20152312910078984
1366,14.9022,0.019579423251122843
1367,14.9131,0.00047367962555863567
1368,14.924,0.008024274297888668
1369,14.9349,0.05010259749178899
1370,14.9458,0.18099430703655928
1371,14.9567,0.3337189588973857
1372,14.9676,0.3381974645965873
1373,14.9785,0.1054319665431067
1374,14.9894,0.006497060433986736
1375,15.0003,0.02026257188122641
1376,15.0113,0.049282237282362085
1377,15.0222,0.01945759733702695
1378,15.0331,0.041849664285660025
1379,15.044,0.13554008993236827
1380,15.0549,0.29819912517250236
1381,15.0658,0.24222442491016713
1382,15.0767,0.04060778702443707
1383,15.0876,0.005034996426593548
1384,15.0985,0.06279258500024236
1385,15.1094,0.1867271662930483
1386,15.1204,0.18875344553050727
1387,15.1313,0.13833167263244608
1388,15.1422,0.04956779874957052
1389,15.1531,0.025977782678529425
1390,15.164,0.017427057230334497
1391,15.1749,0.06454663452441368
1392,15.1858,0.15948485380803584
1393,15.1967,0.32770566174098376
1394,15.2076,0.2246663027359151
1395,15.2185,0.027848616235024506
1396,15.2294,0.0010199644137036119
1397,15.2404,0.00041877889309528254
1398,15.2513,0.004160855564643794
1399,15.2622,0.048827333118005974
1400,15.2731,0.13436481205145348
1401,15.284,0.05770188116842557
1402,15.2949,0.06435452737924484
1403,15.3058,0.22352420932415337
1404,15.3167,0.11907977355648548
1405,15.3276,0.024383092051619187
1406,15.3385,0.07445387270008486
1407,15.3494,0.04977536245935165
1408,15.3604,0.004629084565650956
1409,15.3713,6.206991006593876e-05
1410,15.3822,0.0
1411,15.3931,0.0010459517426980923
1412,15.404,0.009775168876038964
1413,15.4149,0.012307112752310383
1414,15.4258,0.010704979162786444
1415,15.4367,0.12899825649204438
1416,15.4476,0.22908403182854947
1417,15.4585,0.0941044324172453
1418,15.4694,0.033185509605894434
1419,15.4804,0.013146236832546959
1420,15.4913,0.0017505869243203923
1421,15.5022,6.683918552684633e-05
1422,15.5131,0.0011733334255420683
1423,15.524,0.021061317556378755
1424,15.5349,0.0485822785497915
1425,15.5458,0.017015782801489375
1426,15.5567,0.027236771932109466
1427,15.5676,0.1649973638837566
1428,15.5785,0.3055504952178293
1429,15.5895,0.14633090927427905
1430,15.6004,0.011320587435933057
1431,15.6113,0.00012721575411475607
1432,15.6222,0.0003985500874334323
1433,15.6331,0.013000592258875754
1434,15.644,0.05396762400173042
1435,15.6549,0.0608699612042281
1436,15.6658,0.03166658861679537
1437,15.6767,0.003733595315429302
1438,15.6876,0.007190663901922304
1439,15.6985,0.030346750165124083
1440,15.7095,0.026065928508179098
1441,15.7204,0.004984083264301889
1442,15.7313,0.003569925350591164
1443,15.7422,0.002461685122351732
1444,15.7531,0.0002204214453272118
1445,15.764,0.0
1446,15.7749,0.0
1447,15.7858,0.000311701944050561
1448,15.7967,0.011094121087663339
1449,15.8076,0.06335731229374256
1450,15.8185,0.04958655566750846
1451,15.8295,0.0055462653343765125
1452,15.8404,0.0005102363573559623
1453,15.8513,0.027140753069672705
1454,15.8622,0.21644101814375508
1455,15.8731,0.2992792484664064
1456,15.884,0.14027561442112968
1457,15.8949,0.02369496201802383
1458,15.9058,0.032424585564709896
1459,15.9167,0.09063229512659123
1460,15.9276,0.03638430679471182
1461,15.9386,0.0020198759217917696
1462,15.9495,0.0
1463,15.9604,0.0
1464,15.9713,0.0009568502841542091
1465,15.9822,0.02648250831566429
1466,15.9931,0.0890482211148964
1467,16.004,0.04320326862261468
1468,16.0149,0.003199571834366846
1469,16.0258,0.001705564026686593
1470,16.0367,0.0063900226058099165
1471,16.0476,0.0037946891276067107
1472,16.0586,0.023195691582335
1473,16.0695,0.19003342773316667
1474,16.0804,0.20874924226307326
1475,16.0913,0.03848307269079691
1476,16.1022,0.0009244993890422699
1477,16.1131,0.0
1478,16.124,0.0
1479,16.1349,0.0021321737201075827
1480,16.1458,0.0615462351966558
1481,16.1567,0.21561646452107222
1482,16.1676,0.139479111915304
1483,16.1786,0.05965936691077946
1484,16.1895,0.10737788993286147
1485,16.2004,0.13184851471542
1486,16.2113,0.14315868288230224
1487,16.2222,0.07347960031008247
1488,16.2331,0.023293680744312588
1489,16.244,0.001404427410567495
1490,16.2549,0.0043933700675885924
1491,16.2658,0.1127174540941252
1492,16.2767,0.27874351470913156
1493,16.2877,0.12369884337913414
1494,16.2986,0.009808864611856965
1495,16.3095,0.006480416718064703
1496,16.3204,0.028902169337680774
1497,16.3313,0.030937111534008774
1498,16.3422,0.016095787808362686
1499,16.3531,0.008790344394873145
1500,16.364,0.007520336995227714
1501,16.3749,0.002933795403879362
1502,16.3858,0.00042599874813656027
1503,16.3967,0.0
1504,16.4077,0.0
1505,16.4186,0.0
1506,16.4295,0.0009098419095810898
1507,16.4404,0.011518263735202356
1508,16.4513,0.020034551639641893
1509,16.4622,0.00590334720382622
1510,16.4731,0.0005640330295077656
1511,16.484,0.0
1512,16.4949,0.0
1513,16.5058,0.0
1514,16.5167,0.00010496699057255215
1515,16.5277,0.005780155834856271
1516,16.5386,0.05649310944405537
1517,16.5495,0.0724360423104836
1518,16.5604,0.025472663206307315
1519,16.5713,0.05404973539050625
1520,16.5822,0.2074413219792962
1521,16.5931,0.4744094139630589
1522,16.604,0.3593356063805782
1523,16.6149,0.05220559739965537
1524,16.6258,0.0009729700065722167
1525,16.6367,0.0
1526,16.6477,0.0
1527,16.6586,0.0
1528,16.6695,0.0
1529,16.6804,0.0
1530,16.6913,0.0
1531,16.7022,0.0
1532,16.7131,0.0
1533,16.724,0.0006291086355197612
1534,16.7349,0.01797437227156147
1535,16.7458,0.06164498767370025
1536,16.7568,0.03066888224352488
1537,16.7677,0.023912802107479078
1538,16.7786,0.19305135324950407
1539,16.7895,0.24821557921635548
1540,16.8004,0.1534703788709877
1541,16.8113,0.040674272869415454
1542,16.8222,0.0017894179168770898
1543,16.8331,0.0
1544,16.844,0.0
1545,16.8549,0.00021657401707186161
1546,16.8658,0.02281081876245805
1547,16.8768,0.1974141163596712
1548,16.8877,0.21244054757156453
1549,16.8986,0.03926267453703606
1550,16.9095,0.0010660016699120941
1551,16.9204,0.0
1552,16.9313,0.0
1553,16.9422,0.0
1554,16.9531,0.0
1555,16.964,0.0
1556,16.9749,0.0
1557,16.9858,0.0
1558,16.9968,0.0
1559,17.0077,0.0036343858421366685
1560,17.0186,0.02150988786683
1561,17.0295,0.018102273860853956
1562,17.0404,0.0020895308149807435
1563,17.0513,0.0
1564,17.0622,0.000922283866495383
1565,17.0731,0.0044805828576205955
1566,17.084,0.00365296312388362
1567,17.0949,0.012687278840107256
1568,17.1059,0.1018082095071551
1569,17.1168,0.1077606765312118
1570,17.1277,0.018069200944002807
1571,17.1386,0.0005492180691841365
1572,17.1495,0.000341350065982473
1573,17.1604,0.00011656309672879803
1574,17.1713,0.00011904761425065591
1575,17.1822,0.0
1576,17.1931,0.0004990647415200811
1577,17.204,0.013022685348004916
1578,17.2149,0.041416459508267084
1579,17.2259,0.018463094205939636
1580,17.2368,0.001235409772199731
1581,17.2477,0.001142259634329253
1582,17.2586,0.003231685260156828
1583,17.2695,0.001182568034703242
1584,17.2804,0.0
1585,17.2913,0.00013767261937273648
1586,17.3022,0.0007102372913594876
1587,17.3131,0.0047300366630865075
1588,17.324,0.0069797770215172545
1589,17.3349,0.05776347385242402
1590,17.3459,0.16172001269780992
1591,17.3568,0.0776284912924877
1592,17.3677,0.010714974430193244
1593,17.3786,0.002225276132670554
1594,17.3895,0.00013705060150381548
1595,17.4004,0.0
1596,17.4113,0.0
1597,17.4222,0.00031204309178032403
1598,17.4331,0.004354700478892875
1599,17.444,0.014909592901811508
1600,17.455,0.10945247349681896
1601,17.4659,0.21939819016145579
1602,17.4768,0.10197129855530111
1603,17.4877,0.013719888668281926
1604,17.4986,0.0007872941412199886
1605,17.5095,0.0
1606,17.5204,0.0
1607,17.5313,0.0
1608,17.5422,0.0
1609,17.5531,0.00016343008928998838
1610,17.564,0.007060051943624305
1611,17.575,0.07280185444662768
1612,17.5859,0.09275277438612979
1613,17.5968,0.01939876940025961
1614,17.6077,0.0006049495912602157
1615,17.6186,0.0
1616,17.6295,0.0
1617,17.6404,0.0
1618,17.6513,0.0
1619,17.6622,0.0
1620,17.6731,0.0
1621,17.684,0.0
1622,17.695,0.0
1623,17.7059,0.0
1624,17.7168,0.00047781723724943435
1625,17.7277,0.03289451466708795
1626,17.7386,0.15074623291543246
1627,17.7495,0.1252931364436326
1628,17.7604,0.03732725734176916
1629,17.7713,0.005957198468724473
1630,17.7822,0.0001902089144376373
1631,17.7931,0.0
1632,17.804,0.0
1633,17.815,0.0
1634,17.8259,0.0
1635,17.8368,0.0
1636,17.8477,0.0
1637,17.8586,0.010176118640880407
1638,17.8695,0.17937030002446996
1639,17.8804,0.27684122961608815
1640,17.8913,0.19368378816773388
1641,17.9022,0.025181700396206035
1642,17.9131,0.003423301863870669
1643,17.9241,0.007470499943921444
1644,17.935,0.03165666059290393
1645,17.9459,0.048393506484209745
1646,17.9568,0.011233785617585328
1647,17.9677,0.0002439748453511165
1648,17.9786,0.00473521642419115
1649,17.9895,0.042579747291173926
1650,18.0004,0.04758988201084786
1651,18.0113,0.00828632374284224
1652,18.0222,0.0003174996722220899
1653,18.0331,0.0
1654,18.0441,0.0
1655,18.055,0.056814452911296894
1656,18.0659,0.14394852374763115
1657,18.0768,0.20688515638679378
1658,18.0877,0.2469548141412858
1659,18.0986,0.12463191783020651
1660,18.1095,0.01032538059531762
1661,18.1204,0.0
1662,18.1313,0.0
1663,18.1422,0.0003296894576628764
1664,18.1531,0.009506220676684746
1665,18.1641,0.026341984933725044
1666,18.175,0.009971974484898555
1667,18.1859,0.0005299905766388631
1668,18.1968,0.0
1669,18.2077,0.030046118832669035
1670,18.2186,0.08505075508494264
1671,18.2295,0.11259119114176896
1672,18.2404,0.08944584194798104
1673,18.2513,0.02135975624436862
1674,18.2622,0.05385164807134507
1675,18.2732,0.0854400374531753
1676,18.2841,0.10344080432788601
1677,18.295,0.11789826122551596
1678,18.3059,0.13038404810405296
1679,18.3168,0.14317821063276354
1680,18.3277,0.15811514789418568
1681,18.3386,0.17081678482158516
1682,18.3495,0.16739420372502023
1683,18.3604,0.14246982951979603
1684,18.3713,0.14799612667051168
1685,18.3822,0.16309506430300091
1686,18.3932,0.17378147196982768
1687,18.4041,0.18275666882497066
1688,18.415,0.19157244060668016
1689,18.4259,0.20125853865828505
1690,18.4368,0.20465623990298545
1691,18.4477,0.20100545727059946
1692,18.4586,0.20372746242094986
1693,18.4695,0.21400934559032694
1694,18.4804,0.22472216068937653
1695,18.4913,0.2350580896494901
1696,18.5022,0.23441654388968863
1697,18.5132,0.22462553235283114
1698,18.5241,0.23087442843919473
1699,18.535,0.24799226318818116
1700,18.5459,0.2651415385430489
1701,18.5568,0.261618383428847
1702,18.5677,0.22162980130892967
1703,18.5786,0.2082111928749409
1704,18.5895,0.22693611435820435
1705,18.6004,0.23853720883753124
1706,18.6113,0.24657656011875906
1707,18.6222,0.2531797780234432
1708,18.6332,0.25903696460344333
1709,18.6441,0.26419933643834714
1710,18.655,0.26888717188066075
1711,18.6659,0.27422618401604176
1712,18.6768,0.27982137159266446
1713,18.6877,0.2854821021970293
1714,18.6986,0.2920616875050774
1715,18.7095,0.29983328701129897
1716,18.7204,0.3112876897658928
1717,18.7313,0.3291350917750897
1718,18.7423,0.33338983735789407
1719,18.7532,0.30066722802411866
1720,18.7641,0.25180601434095556
1721,18.775,0.27092534941397056
1722,18.7859,0.2877587571953037
1723,18.7968,0.29651693444453
1724,18.8077,0.30365899363021887
1725,18.8186,0.3088173944536326
1726,18.8295,0.3118225808211822
1727,18.8404,0.3182772295738313
1728,18.8513,0.3277193921634788
1729,18.8623,0.3392639090737474
1730,18.8732,0.35651980676420086
1731,18.8841,0.36745394187856784
1732,18.895,0.3466220029074326
1733,18.9059,0.3006861252292667
1734,18.9168,0.31718635121313166
1735,18.9277,0.3459521738276607
1736,18.9386,0.3571500236432798
1737,18.9495,0.3344701499517111
1738,18.9604,0.29130478399352955
1739,18.9713,0.30860639182571264
1740,18.9823,0.32806848534262434
1741,18.9932,0.3261257699733097
1742,19.0041,0.31116287324625047
1743,19.015,0.31497187609605715
1744,19.0259,0.3283296682546929
1745,19.0368,0.3363330052212637
1746,19.0477,0.34005086637887305
1747,19.0586,0.3445306197142229
1748,19.0695,0.3514256678161116
1749,19.0804,0.35805027579936316
1750,19.0914,0.36592359131730945
1751,19.1023,0.374193318772893
1752,19.1132,0.37665700092056564
1753,19.1241,0.3775340587410676
1754,19.135,0.3777084058086399
1755,19.1459,0.37005927586216203
1756,19.1568,0.37338328948267524
1757,19.1677,0.3909005074683128
1758,19.1786,0.4060106022650863
1759,19.1895,0.41313579197727973
1760,19.2004,0.41495257286591014
1761,19.2114,0.3999873335452934
1762,19.2223,0.34991471494988896
1763,19.2332,0.33180513949350593
1764,19.2441,0.34505563190482075
1765,19.255,0.3653796188611846
1766,19.2659,0.3864937100189716
1767,19.2768,0.3938390468991324
1768,19.2877,0.3862229235956654
1769,19.2986,0.3695830416549232
1770,19.3095,0.35805789783074865
1771,19.3204,0.37061307913496894
1772,19.3314,0.3807756546670862
1773,19.3423,0.39001695038124845
1774,19.3532,0.4020373128076718
1775,19.3641,0.3999901603691018
1776,19.375,0.3908687173228464
1777,19.3859,0.4074094728712009
1778,19.3968,0.4216071188173998
1779,19.4077,0.41240591149511213
1780,19.4186,0.3968211591631921
1781,19.4295,0.39113848159700804
1782,19.4405,0.36055798575647163
1783,19.4514,0.3299154180777756
1784,19.4623,0.35042935506981826
1785,19.4732,0.36810324638611924
1786,19.4841,0.3790778284204973
1787,19.495,0.3878144100240972
1788,19.5059,0.3952384838898862
1789,19.5168,0.39647063002315575
1790,19.5277,0.39455855921230876
1791,19.5386,0.39812155539093064
1792,19.5495,0.4044749683231337
1793,19.5605,0.40987803063838396
1794,19.5714,0.41496987842492855
1795,19.5823,0.4203572604013074
1796,19.5932,0.42649794228812454
1797,19.6041,0.43497565292012347
1798,19.615,0.4456427757877556
1799,19.6259,0.4413569506071817
1800,19.6368,0.4177635984837639
1801,19.6477,0.413933552063089
1802,19.6586,0.432456125344657
1803,19.6695,0.43865623727984493
1804,19.6805,0.43269272285641613
1805,19.6914,0.43376817890788205
1806,19.7023,0.42744835476062487
1807,19.7132,0.4107717611412441
1808,19.7241,0.41752775297938927
1809,19.735,0.42340838786319207
1810,19.7459,0.4246370601070287
1811,19.7568,0.426691754021655
1812,19.7677,0.4206223388145208
1813,19.7786,0.41969020584712036
1814,19.7895,0.4276682394309401
1815,19.8005,0.4354308211415448
1816,19.8114,0.44204189431571445
1817,19.8223,0.4464613148210053
1818,19.8332,0.44915663968344305
1819,19.8441,0.45432099882605015
1820,19.855,0.46562065517559026
1821,19.8659,0.47536727674403834
1822,19.8768,0.4641800693016808
1823,19.8877,0.4346171042769078
1824,19.8986,0.4298631329538093
1825,19.9096,0.44432354668951013
1826,19.9205,0.4507421036175075
1827,19.9314,0.4556657958744813
1828,19.9423,0.46747042727360927
1829,19.9532,0.47115735501020733
1830,19.9641,0.45567165230992335
1831,19.975,0.4448209161295594
1832,19.9859,0.4588160424588989
1833,19.9968,0.46990302872093015
1834,20.0077,0.45972434338900425
1835,20.0186,0.44664595434314247
1836,20.0296,0.4603567347777993
1837,20.0405,0.4657639004997455
1838,20.0514,0.4475791736550852
1839,20.0623,0.43761102073854435
1840,20.0732,0.4486755355938912
1841,20.0841,0.4558937164686312
1842,20.095,0.4578981264326297
1843,20.1059,0.4603353130121647
1844,20.1168,0.4648696034370076
1845,20.1277,0.4697883914632076
1846,20.1386,0.47602748069840584
1847,20.1496,0.47812681953755465
1848,20.1605,0.47132331237197633
1849,20.1714,0.46800991721660595
1850,20.1823,0.4720276456793271
1851,20.1932,0.4760259510655131
1852,20.2041,0.4801041553663122
1853,20.215,0.4841487374764082
1854,20.2259,0.4883646178829912
1855,20.2368,0.49315378726413245
1856,20.2477,0.4967257554861775
1857,20.2587,0.4995546593496016
1858,20.2696,0.5025632934185237
1859,20.2805,0.5036728533731778
1860,20.2914,0.49919187567730966
1861,20.3023,0.4881583130637153
1862,20.3132,0.48026606722299153
1863,20.3241,0.4822253891986575
1864,20.335,0.49000009562337554
1865,20.3459,0.4979959839195493
1866,20.3568,0.5050764348082188
1867,20.3677,0.5097677115791547
1868,20.3787,0.5143486971978787
1869,20.3896,0.5221637269616443
1870,20.4005,0.5195235173868487
1871,20.4114,0.5092701509486728
1872,20.4223,0.5076305398301161
1873,20.4332,0.5046715843332005
1874,20.4441,0.4981589697713634
1875,20.455,0.4975780950325361
1876,20.4659,0.5043660349074442
1877,20.4768,0.5053066995362028
1878,20.4877,0.5045551672289833
1879,20.4987,0.49601430168871413
1880,20.5096,0.48533495768447416
1881,20.5205,0.4828526566016906
1882,20.5314,0.4816832924815023
1883,20.5423,0.4894910647751925
1884,20.5532,0.4966008641470939
1885,20.5641,0.5001095937778037
1886,20.575,0.5036875939980745
1887,20.5859,0.5077401769378993
1888,20.5968,0.5118593556827891
1889,20.6078,0.5162363890514332
1890,20.6187,0.5208666560019845
1891,20.6296,0.5233985131726547
1892,20.6405,0.5244481095765363
1893,20.6514,0.5301913631013634
1894,20.6623,0.5403222814179726
1895,20.6732,0.5396973974238464
1896,20.6841,0.5242471937766621
1897,20.695,0.509138754683493
1898,20.7059,0.5081963308743317
1899,20.7168,0.5204806890326299
1900,20.7278,0.5326608978836104
1901,20.7387,0.5334901802888624
1902,20.7496,0.5247609687490532
1903,20.7605,0.5248797641078995
1904,20.7714,0.5323769014505999
1905,20.7823,0.5246622665886791
1906,20.7932,0.5093492919822878
1907,20.8041,0.51460116509353
1908,20.815,0.5260305421850169
1909,20.8259,0.5325086602567384
1910,20.8368,0.5287683927235397
1911,20.8478,0.5219629811201809
1912,20.8587,0.5209090809987919
1913,20.8696,0.5243179494942144
1914,20.8805,0.5299090121977514
1915,20.8914,0.5353504829242925
1916,20.9023,0.5418486873657626
1917,20.9132,0.550909088435645
1918,20.9241,0.557172988254909
1919,20.935,0.5444731505797714
1920,20.9459,0.5285922404169872
1921,20.9568,0.5357853272685222
1922,20.9678,0.5401455711321972
1923,20.9787,0.5343490133903704
1924,20.9896,0.5320010207556821
1925,21.0005,0.537353423286488
1926,21.0114,0.5392273374796407
1927,21.0223,0.5402091395213092
1928,21.0332,0.5469921474980911
1929,21.0441,0.5562447967016014
1930,21.055,0.5580519695265236
1931,21.0659,0.5483660923663382
1932,21.0769,0.544354195051366
1933,21.0878,0.5541713944569218
1934,21.0987,0.5691633791204618
1935,21.1096,0.5732595759788288
1936,21.1205,0.5497218720325134
1937,21.1314,0.5176456966375058
1938,21.1423,0.5173172936519945
1939,21.1532,0.528678441447654
1940,21.1641,0.5383307613601872
1941,21.175,0.5459856242721087
1942,21.1859,0.5501503676542306
1943,21.1969,0.5474809655353707
1944,21.2078,0.5463663729812583
1945,21.2187,0.5525395987516792
1946,21.2296,0.561071997909939
1947,21.2405,0.5646330995444091
1948,21.2514,0.5549358813623346
1949,21.2623,0.542219617624585
1950,21.2732,0.5407089959679582
1951,21.2841,0.5456191916689355
1952,21.295,0.5507267925205745
1953,21.3059,0.5542562657634288
1954,21.3169,0.5569561283880549
1955,21.3278,0.5590171088615692
1956,21.3387,0.5610704126413636
1957,21.3496,0.5632938842203065
1958,21.3605,0.5655086482712182
1959,21.3714,0.5673634747796726
1960,21.3823,0.5691228091030285
1961,21.3932,0.5716642438091949
1962,21.4041,0.5756735251370811
1963,21.415,0.5808683748187131
1964,21.426,0.5796466142363695
1965,21.4369,0.5712071631199197
1966,21.4478,0.5707324144621789
1967,21.4587,0.5727712607715069
1968,21.4696,0.5728459506910537
1969,21.4805,0.5784664461503173
1970,21.4914,0.5777732729062355
1971,21.5023,0.5674794233003861
1972,21.5132,0.5643798485793949
1973,21.5241,0.5700000269988574
1974,21.535,0.5748913006510851
1975,21.546,0.5788782255362521
1976,21.5569,0.5832666880548479
1977,21.5678,0.5884805483589984
1978,21.5787,0.5894280591058058
1979,21.5896,0.5842677188199696
1980,21.6005,0.5762787618346018
1981,21.6114,0.5722769905425399
1982,21.6223,0.5749013001329146
1983,21.6332,0.5788788699238343
1984,21.6441,0.5824946604668928
1985,21.655,0.5857473858242987
1986,21.666,0.5888972806939812
1987,21.6769,0.591946961949034
1988,21.6878,0.5949839822767445
1989,21.6987,0.5963646427970608
1990,21.7096,0.5950456558145976
1991,21.7205,0.5968270550761893
1992,21.7314,0.6034898564718052
1993,21.7423,0.6131069290191145
1994,21.7532,0.6287564145927863
1995,21.7641,0.6282461323347516
1996,21.7751,0.5883579075843594
1997,21.786,0.5544663463625786
1998,21.7969,0.5715921884548649
1999,21.8078,0.5797846221000049
2000,21.8187,0.5767620290991603
2001,21.8296,0.5782894510077781
2002,21.8405,0.5841240335532207
2003,21.8514,0.5895761250187924
2004,21.8623,0.5948949487094339
2005,21.8732,0.6014981813680271
2006,21.8841,0.6081641207519066
2007,21.8951,0.6025974562094067
2008,21.906,0.590254279650722
2009,21.9169,0.5891703618069286
2010,21.9278,0.5929989911559835
2011,21.9387,0.596607549877103
2012,21.9496,0.6011782432907773
2013,21.9605,0.6102476342173353
2014,21.9714,0.6199678803275624
2015,21.9823,0.6099547962415665
2016,21.9932,0.5809801294807814
2017,22.0041,0.5693391939171659
2018,22.0151,0.5775820973101572
2019,22.026,0.5858327406350724
2020,22.0369,0.5908468498688979
2021,22.0478,0.5942221806698232
2022,22.0587,0.5972436688655645
2023,22.0696,0.5997500927518259
2024,22.0805,0.6018318311644277
2025,22.0914,0.6041525027467617
2026,22.1023,0.6076205300507679
2027,22.1132,0.6076216880996475
2028,22.1241,0.6042338980060525
2029,22.1351,0.6033489165680674
2030,22.146,0.6041700738932579
2031,22.1569,0.6060540664324425
2032,22.1678,0.6082819402132054
2033,22.1787,0.6096754904138146
2034,22.1896,0.6122908296030528
2035,22.2005,0.6166037923313233
2036,22.2114,0.6196401530169203
2037,22.2223,0.6151974515395551
2038,22.2332,0.6097488230492694
2039,22.2442,0.6125393899255133
2040,22.2551,0.6194359839650102
2041,22.266,0.625199649656642
2042,22.2769,0.6254436864600623
2043,22.2878,0.6158177919019245
2044,22.2987,0.5985634673849043
2045,22.3096,0.5932361222734525
2046,22.3205,0.6010823628417801
2047,22.3314,0.60654760736483
2048,22.3423,0.6100002698460764
2049,22.3532,0.6115632854883583
2050,22.3642,0.611888649067751
2051,22.3751,0.6125378888087415
2052,22.386,0.6136779805672816
2053,22.3969,0.6152235419788645
2054,22.4078,0.6166846844214635
2055,22.4187,0.6179806034050449
2056,22.4296,0.6189514841246627
2057,22.4405,0.6193552603113054
2058,22.4514,0.6200806608884045
2059,22.4623,0.6212085048342161
2060,22.4732,0.6221736922535737
2061,22.4842,0.6228163710263425
2062,22.4951,0.6235382958808874
2063,22.506,0.6244197306299666
2064,22.5169,0.6252999280345393
2065,22.5278,0.6261788881781307
2066,22.5387,0.6270566162636353
2067,22.5496,0.6280127387243033
2068,22.5605,0.6291264587196411
2069,22.5714,0.6295275575274287
2070,22.5823,0.6290511213704089
2071,22.5933,0.6295238097963819
2072,22.6042,0.6305565871921656
2073,22.6151,0.6305584269440324
2074,22.626,0.6307140606044986
2075,22.6369,0.6317436188834835
2076,22.6478,0.6326136261573885
2077,22.6587,0.6335613624582863
2078,22.6696,0.6345076880618841
2079,22.6805,0.6352172007993295
2080,22.6914,0.6350621026717889
2081,22.7023,0.6352167374946349
2082,22.7133,0.6360031883758286
2083,22.7242,0.636631805295986
2084,22.7351,0.6374166660459144
2085,22.746,0.638278940696366
2086,22.7569,0.638905620545278
2087,22.7678,0.6391407366699831
2088,22.7787,0.6393750005975036
2089,22.7896,0.6400000047683715
2090,22.8005,0.6407807737440318
2091,22.8114,0.641482657598785
2092,22.8223,0.6421059102671459
2093,22.8333,0.6428841311223001
2094,22.8442,0.6433507732518184
2095,22.8551,0.6436615704186281
2096,22.866,0.6442049410118618
2097,22.8769,0.6448255578061403
2098,22.8878,0.6455230437405004
2099,22.8987,0.6461423991660042
2100,22.9096,0.6468384651518492
2101,22.9205,0.6473793369927429
2102,22.9314,0.648074069840786
2103,22.9423,0.6487681045310961
2104,22.9533,0.6492308662361552
2105,22.9642,0.64961543490748
2106,22.9751,0.6503847924500179
2107,22.986,0.6504644450620448
2108,22.9969,0.6501551424415156
2109,23.0078,0.6506919802342972
2110,23.0187,0.6515366496900089
2111,23.0296,0.6524568996283817
2112,23.0405,0.653375866882676
2113,23.0514,0.6541414123704069
2114,23.0624,0.653611514066116
2115,23.0733,0.6531472411036621
2116,23.0842,0.6538348460031426
2117,23.0951,0.654828226201516
2118,23.106,0.6554388553555927
2119,23.1169,0.6558964440223896
2120,23.1278,0.6564297417102687
2121,23.1387,0.6571149062378665
2122,23.1496,0.657723385634941
2123,23.1605,0.6581794647025484
2124,23.1714,0.658634991377784
2125,23.1824,0.6590904393042138
2126,23.1933,0.6594695927115597
2127,23.2042,0.6600000043478865
2128,23.2151,0.6607571414672716
2129,23.226,0.6612867803066025
2130,23.2369,0.6615139388323384
2131,23.2478,0.6618157533061463
2132,23.2587,0.6623443256333182
2133,23.2696,0.6629479617586889
2134,23.2805,0.6635510530471638
2135,23.2914,0.6643041514736155
2136,23.3024,0.6646807999831071
2137,23.3133,0.6648312309226575
2138,23.3242,0.6653570512493011
2139,23.3351,0.6661831749096274
2140,23.346,0.6666341594964402
2141,23.3569,0.6664101458824723
2142,23.3678,0.6666334379844889
2143,23.3787,0.6673080290347124
2144,23.3896,0.6679821866660673
2145,23.4005,0.6681321426448062
2146,23.4115,0.6685058132704378
2147,23.4224,0.6691038783328042
2148,23.4333,0.6697014260101287
2149,23.4442,0.6702238432046416
2150,23.4551,0.6707458535093601
2151,23.466,0.6711929677819933
2152,23.4769,0.6717142249498667
2153,23.4878,0.6722350779303323
2154,23.4987,0.6727555276621664
2155,23.5096,0.67320131128536
2156,23.5205,0.6737210105080589
2157,23.5315,0.6742403295542022
2158,23.5424,0.6746851768591372
2159,23.5533,0.6751296212468104
2160,23.5642,0.675869809948632
2161,23.5751,0.6766092575293237
2162,23.586,0.6769063321041414
2163,23.5969,0.6765376162076907
2164,23.6078,0.6764624147704912
2165,23.6187,0.6769047361516461
2166,23.6296,0.6777905281132217
2167,23.6405,0.678454321329469
2168,23.6515,0.6788234090688765
2169,23.6624,0.6787498723286609
2170,23.6733,0.6788229095530611
2171,23.6842,0.679337928919379
2172,23.6951,0.6799999999999999
2173,23.706,0.68058798505207
2174,23.7169,0.6811020521104694
2175,23.7278,0.6815423684555495
2176,23.7387,0.6820557161991974
2177,23.7496,0.6826419266350405
2178,23.7606,0.6832276693756696
2179,23.7715,0.6834477088348733
2180,23.7824,0.6835206166845423
2181,23.7933,0.6839591256110347
2182,23.8042,0.6842515562462871
2183,23.8151,0.6846897263221181
2184,23.826,0.685200700525036
2185,23.8369,0.685638388656878
2186,23.8478,0.6861486719363377
2187,23.8587,0.6865857557508749
2188,23.8696,0.6870953354520754
2189,23.8806,0.6875318174455638
2190,23.8915,0.6880406964707829
2191,23.9024,0.6884765791223403
2192,23.9133,0.6889847756416214
2193,23.9242,0.6893477045628392
2194,23.9351,0.6895651413187603
2195,23.946,0.69
2196,23.9569,0.6905794668247819
2197,23.9678,0.6910861017268398
2198,23.9787,0.6916646586316233
2199,23.9896,0.6922427319950712
2200,24.0006,0.692964660588587
2201,24.0115,0.693830043908181
2202,24.0224,0.6944089425708952
2203,24.0333,0.6938393060473202
2204,24.0442,0.6923989841252761
2205,24.0551,0.6917389419639364
2206,24.066,0.6924594001492481
2207,24.0769,0.6933974329343886
2208,24.0878,0.694118145563131
2209,24.0987,0.6946941773183363
2210,24.1096,0.695197813575388
2211,24.1206,0.6957010852370434
2212,24.1315,0.6962039930939782
2213,24.1424,0.6965630054848282
2214,24.1533,0.6969935474207424
2215,24.1642,0.6973521348644457
2216,24.1751,0.6978538528947161
2217,24.186,0.6982836100038436
2218,24.1969,0.6987846592477542
2219,24.2078,0.6992138442565335
2220,24.2187,0.6997856814768362
2221,24.2297,0.7004284439511298
2222,24.2406,0.7009997258111763
2223,24.2515,0.7005749181340198
2224,24.2624,0.7000720406268552
2225,24.2733,0.700571199160888
2226,24.2842,0.7012132343303283
2227,24.2951,0.70178344238091
2228,24.306,0.7022819946431775
2229,24.3169,0.702780193232564
2230,24.3278,0.7032069396699666
2231,24.3387,0.7037044834303673
2232,24.3497,0.7042016756583301
2233,24.3606,0.7048404074682438
2234,24.3715,0.7054787354216188
2235,24.3824,0.7053400049422636
2236,24.3933,0.7047002458894931
2237,24.4042,0.7049113740611201
2238,24.4151,0.7056911541319476
2239,24.426,0.7063993240441415
2240,24.4369,0.7068243101957188
2241,24.4478,0.706683951734734
2242,24.4587,0.7066117606240985
2243,24.4697,0.7071067811865476
2244,24.4806,0.7076722405181654
2245,24.4915,0.7081666470542086
2246,24.5024,0.708590149522275
2247,24.5133,0.7090839160494334
2248,24.5242,0.7094364100247919
2249,24.5351,0.7097183413733676
2250,24.546,0.7100000139699527
2251,24.5569,0.7103520254071217
2252,24.5678,0.7107742257566744
2253,24.5788,0.7111961754677819
2254,24.5897,0.7115476090888087
2255,24.6006,0.7119691004531025
2256,24.6115,0.712320152740325
2257,24.6224,0.7126710321038733
2258,24.6333,0.7130217387990355
2259,24.6442,0.7134423592694787
2260,24.6551,0.7138627319029899
2261,24.666,0.7142828571371428
2262,24.6769,0.7147027662242168
2263,24.6878,0.7148429822249934
2264,24.6988,0.7149127496967802
2265,24.7097,0.7151223705692202
2266,24.7206,0.7155417527999327
2267,24.7315,0.7159608927867499
2268,24.7424,0.7163099887618488
2269,24.7533,0.7167286794875729
2270,24.7642,0.7170774016799023
2271,24.7751,0.7174259543674176
2272,24.786,0.7177743377970545
2273,24.7969,0.7181225522151494
2274,24.8078,0.7184705978674423
2275,24.8188,0.7187489130426564
2276,24.8297,0.7190966555338719
2277,24.8406,0.7195137246779939
2278,24.8515,0.7198610977126073
2279,24.8624,0.7202083032012336
2280,24.8733,0.7204859471218019
2281,24.8842,0.720832851637604
2282,24.8951,0.7211795892841116
2283,24.906,0.7215261603018979
2284,24.9169,0.7218032973047436
2285,24.9279,0.7221495689952325
2286,24.9388,0.7224956747275377
2287,24.9497,0.722841614740048
2288,24.9606,0.723118247591637
2289,24.9715,0.7234638899074369
2290,24.9824,0.7238093671679029
2291,24.9933,0.724085630295202
2292,25.0042,0.7244998274671982
2293,25.0151,0.7248448109768049
2294,25.026,0.7251206796113321
2295,25.0369,0.7254653678846427
2296,25.0479,0.7257410006331461
2297,25.0588,0.7260853944268539
2298,25.0697,0.7264296249465602
2299,25.0806,0.7267048919609665
2300,25.0915,0.7270488291717414
2301,25.1024,0.7273926037567333
2302,25.1133,0.7276675064890558
2303,25.1242,0.7280109889280518
2304,25.1351,0.728285658241325
2305,25.146,0.7286288492778749
2306,25.1569,0.7289718787443038
2307,25.1679,0.7293147468685931
2308,25.1788,0.7295889253545451
2309,25.1897,0.7299315036357864
2310,25.2006,0.7303423854604085
2311,25.2115,0.7306162295859722
2312,25.2224,0.7307531163403771
2313,25.2333,0.7310266784995905
2314,25.2442,0.7314369419163897
2315,25.2551,0.7317786837677109
2316,25.266,0.7319836573685996
2317,25.2769,0.7322567855609123
2318,25.2879,0.7325298628724974
2319,25.2988,0.73287106642301
2320,25.3097,0.7332121111929344
2321,25.3206,0.7335529974037321
2322,25.3315,0.7338255923582934
2323,25.3424,0.7341661937191061
2324,25.3533,0.7344385610791416
2325,25.3642,0.7347788783028538
2326,25.3751,0.7351190379795642
2327,25.386,0.7353230582539895
2328,25.397,0.7356629663099807
2329,25.4079,0.7360027173862879
2330,25.4188,0.7362744053679986
2331,25.4297,0.7366138744281158
2332,25.4406,0.7368853370776215
2333,25.4515,0.7372245248226621
2334,25.4624,0.7374957626996916
2335,25.4733,0.7377669008569034
2336,25.4842,0.7380379425135827
2337,25.4951,0.7383088784512888
2338,25.506,0.7386474125047755
2339,25.517,0.7389181280764466
2340,25.5279,0.7391887445030532
2341,25.5388,0.7395268757793728
2342,25.5497,0.7398648525237566
2343,25.5606,0.7401351227985333
2344,25.5715,0.740472821918536
2345,25.5824,0.740742870367309
2346,25.5933,0.7410128204019144
2347,25.6042,0.7412826751985983
2348,25.6151,0.7415524256584966
2349,25.626,0.7418220810949213
2350,25.637,0.7421590126111789
2351,25.6479,0.7424284477308234
2352,25.6588,0.7426977851050858
2353,25.6697,0.7429670248402684
2354,25.6806,0.7433034373659253
2355,25.6915,0.7436396977031283
2356,25.7024,0.7439085965358916
2357,25.7133,0.7441773982055623
2358,25.7242,0.74444610281739
2359,25.7351,0.7447147104764348
2360,25.7461,0.744983221287567
2361,25.757,0.7453187237685633
2362,25.7679,0.7455870170543476
2363,25.7788,0.7458552138317464
2364,25.7897,0.7461233142048304
2365,25.8006,0.7463913182774837
2366,25.8115,0.7467261881037788
2367,25.8224,0.7469939758793239
2368,25.8333,0.7472616676907762
2369,25.8442,0.7475292636412304
2370,25.8551,0.7478636239315294
2371,25.8661,0.7481310045707236
2372,25.877,0.7483982896827064
2373,25.8879,0.7486654823486276
2374,25.8988,0.7488658120504083
2375,25.9097,0.7491328320131218
2376,25.9206,0.7494664769020694
2377,25.9315,0.7497332859090625
2378,25.9424,0.75
2379,25.9533,0.7502666192761078
2380,25.9642,0.7505331438384317
2381,25.9751,0.7507995737878386
2382,25.9861,0.751065909225016
2383,25.997,0.7513321502504734
2384,26.0079,0.7515982969645422
2385,26.0188,0.7518643494673757
2386,26.0297,0.7521303078589507
2387,26.0406,0.7524626236564844
2388,26.0515,0.7527283706623525
2389,26.0624,0.752994023880668
2390,26.0733,0.7532595834106594
2391,26.0842,0.7535250493513802
2392,26.0952,0.7537904218017101
2393,26.1061,0.7540557008603542
2394,26.117,0.7543208866258444
2395,26.1279,0.7545859791965392
2396,26.1388,0.7547847375245474
2397,26.1497,0.7550496672405068
2398,26.1606,0.7553806987208503
2399,26.1715,0.7556454194925024
2400,26.1824,0.7559100475585703
2401,26.1933,0.7561745830163825
2402,26.2042,0.7564390259630978
2403,26.2152,0.7567033764957045
2404,26.2261,0.7569015788066503
2405,26.237,0.7571657678474377
2406,26.2479,0.7574298647399639
2407,26.2588,0.7576938695805847
2408,26.2697,0.757957782465488
2409,26.2806,0.758287544405155
2410,26.2915,0.7584853327520579
2411,26.3024,0.7587489703452651
2412,26.3133,0.759012516365837
2413,26.3242,0.7592759709091287
2414,26.3352,0.7595393340703297
2415,26.3461,0.7597367965289031
2416,26.357,0.76
2417,26.3679,0.7602631123499285
2418,26.3788,0.7605261336732617
2419,26.3897,0.7607890640644094
2420,26.4006,0.7610519036176179
2421,26.4115,0.7613146524269713
2422,26.4224,0.7615773105863908
2423,26.4333,0.7617742447733449
2424,26.4442,0.7620367445208925
2425,26.4552,0.762299153875957
2426,26.4661,0.7625614729318548
2427,26.477,0.7627581530209953
2428,26.4879,0.7630203142774116
2429,26.4988,0.7632823854904554
2430,26.5097,0.763544366752843
2431,26.5206,0.7638062581571323
2432,26.5315,0.7640680597957227
2433,26.5424,0.7643297717608545
2434,26.5533,0.764525996941896
2435,26.5643,0.7647875521999558
2436,26.5752,0.7650490180374065
2437,26.5861,0.7652450587883597
2438,26.597,0.7655063683601855
2439,26.6079,0.7657675887630658
2440,26.6188,0.765963445602987
2441,26.6297,0.7662897624267206
2442,26.6406,0.7664854858377945
2443,26.6515,0.7667463726683028
2444,26.6624,0.7670071707617863
2445,26.6733,0.7672027111526653
2446,26.6843,0.7674633541739957
2447,26.6952,0.7677239087067693
2448,26.7061,0.7679192665899196
2449,26.717,0.7681796664843453
2450,26.7279,0.7683749084919418
2451,26.7388,0.7686351540230254
2452,26.7497,0.7689603370785778
2453,26.7606,0.7691553809211764
2454,26.7715,0.7694153624668538
2455,26.7824,0.7696102909914861
2456,26.7933,0.7698701189161715
2457,26.8043,0.7700649323271382
2458,26.8152,0.7703246069028302
2459,26.8261,0.7705841939723395
2460,26.837,0.7707788269017255
2461,26.8479,0.7710382610480494
2462,26.8588,0.7712327793863536
2463,26.8697,0.7715568676384134
2464,26.8806,0.7717512552629895
2465,26.8915,0.7720103626247513
2466,26.9024,0.7722046360907192
2467,26.9134,0.772463591375024
2468,26.9243,0.7726577508832744
2469,26.9352,0.772916554357584
2470,26.9461,0.7731106001084191
2471,26.957,0.7733692520394123
2472,26.9679,0.7735631842325487
2473,26.9788,0.7738216848861241
2474,26.9897,0.7740800992145451
2475,27.0006,0.7743384273042376
2476,27.0115,0.7745321168292506
2477,27.0224,0.7747902942086975
2478,27.0334,0.7749838707999025
2479,27.0443,0.7751773990513398
2480,27.0552,0.7754353615872828
2481,27.0661,0.7756287771866126
2482,27.077,0.7758865896508329
2483,27.0879,0.7760798927945499
2484,27.0988,0.7763375554486592
2485,27.1097,0.776530746332687
2486,27.1206,0.7767882594375382
2487,27.1315,0.7770456872024964
2488,27.1424,0.7772387020729217
2489,27.1534,0.7774959806970065
2490,27.1643,0.7776888838089432
2491,27.1752,0.7778817390837761
2492,27.1861,0.778138805098422
2493,27.197,0.7783315488916018
2494,27.2079,0.7785884663928693
2495,27.2188,0.7787810988975015
2496,27.2297,0.7789736837660178
2497,27.2406,0.7792945527847607
2498,27.2515,0.7794870107962031
2499,27.2625,0.7796794213008318
2500,27.2734,0.7799358948016177
2501,27.2843,0.7801281945936834
2502,27.2952,0.7803204469959761
2503,27.3061,0.7805767098754612
2504,27.317,0.7807688518377254
2505,27.3279,0.7809609465267774
2506,27.3388,0.7812169993030106
2507,27.3497,0.7814089838234521
2508,27.3606,0.7816009211867653
2509,27.3715,0.7819207120929845
2510,27.3825,0.7821125238736432
2511,27.3934,0.7823042886243179
2512,27.4043,0.7825599018605541
2513,27.4152,0.7827515570089912
2514,27.4261,0.7829431652425354
2515,27.437,0.7831347265956222
2516,27.4479,0.7833900688673555
2517,27.4588,0.7835815209663893
2518,27.4697,0.7837729262994481
2519,27.4806,0.7840280607223188
2520,27.4915,0.7842831121476479
2521,27.5025,0.7844743462982074
2522,27.5134,0.7846655338422862
2523,27.5243,0.7849203781276162
2524,27.5352,0.7851114570556208
2525,27.5461,0.7853024894905147
2526,27.557,0.7854934754662193
2527,27.5679,0.7856844150166147
2528,27.5788,0.7859389289251424
2529,27.5897,0.7861297602813418
2530,27.6006,0.7863205453248694
2531,27.6115,0.7865112840894274
2532,27.6225,0.7868290792796108
2533,27.6334,0.7870196947980399
2534,27.6443,0.787210264160726
2535,27.6552,0.7874007874011811
2536,27.6661,0.7875912645528771
2537,27.677,0.787845162452623
2538,27.6879,0.7880355321938218
2539,27.6988,0.7882258559575421
2540,27.7097,0.7884161337770809
2541,27.7206,0.788606365685695
2542,27.7316,0.7887965517166007
2543,27.7425,0.7890500617831545
2544,27.7534,0.7893034904268447
2545,27.7643,0.7894935085230277
2546,27.7752,0.7896834808959853
2547,27.7861,0.7898734075787082
2548,27.797,0.7900632886041472
2549,27.8079,0.7902531240052139
2550,27.8188,0.7905061669588669
2551,27.8297,0.7906958960308318
2552,27.8406,0.790885579587844
2553,27.8516,0.7910752176626443
2554,27.8625,0.7912648102879338
2555,27.8734,0.7914543574963752
2556,27.8843,0.7916438593205911
2557,27.8952,0.7918964578781749
2558,27.9061,0.7920858539325141
2559,27.917,0.7922752047110903
2560,27.9279,0.7925276020429824
2561,27.9388,0.7927168473042565
2562,27.9497,0.7929060473977986
2563,27.9606,0.7930952023559341
2564,27.9716,0.79328431221095
2565,27.9825,0.7934733769950949
2566,27.9934,0.7936623967405788
2567,28.0043,0.7938513714795736
2568,28.0152,0.7940403012442127
2569,28.0261,0.7942921376924236
2570,28.037,0.7944809626416481
2571,28.0479,0.7946697427233529
2572,28.0588,0.7948584779695061
2573,28.0697,0.7950471684120383
2574,28.0807,0.7952358140828417
2575,28.0916,0.795424415013771
2576,28.1025,0.7956129712366433
2577,28.1134,0.7958014827832378
2578,28.1243,0.7959899496852959
2579,28.1352,0.7961783719745218
2580,28.1461,0.7963667496825818
2581,28.157,0.7966178506661774
2582,28.1679,0.7968061244744545
2583,28.1788,0.796994353806851
2584,28.1897,0.7971825386948713
2585,28.2007,0.797370679169983
2586,28.2116,0.7975587752636165
2587,28.2225,0.7977468270071653
2588,28.2334,0.7979348344319854
2589,28.2443,0.7981227975693966
2590,28.2552,0.7983107164506813
2591,28.2661,0.7984985911070852
2592,28.277,0.7986864215698174
2593,28.2879,0.7988742078700501
2594,28.2988,0.799124520960282
2595,28.3097,0.7993122043357026
2596,28.3207,0.7994998436522673
2597,28.3316,0.7996874389409903
2598,28.3425,0.7998749902328488
2599,28.3534,0.8000624975587844
2600,28.3643,0.8002499609497024
2601,28.3752,0.8004373804364712
2602,28.3861,0.8006247560499238
2603,28.397,0.8007496487667041
2604,28.4079,0.8009369513263825
2605,28.4188,0.8011242100947893
2606,28.4297,0.8013114251026251
2607,28.4407,0.8015609770940699
2608,28.4516,0.8017480901130978
2609,28.4625,0.8019351594736323
2610,28.4734,0.802122185206219
2611,28.4843,0.8023091673413685
2612,28.4952,0.8024337978923869
2613,28.5061,0.8026207074328446
2614,28.517,0.8028075734570521
2615,28.5279,0.8029943959953892
2616,28.5388,0.8031811750782012
2617,28.5498,0.8033679107357973
2618,28.5607,0.8035546029984522
2619,28.5716,0.8037412518964048
2620,28.5825,0.8039278574598594
2621,28.5934,0.804114419718985
2622,28.6043,0.8043009387039157
2623,28.6152,0.8044874144447507
2624,28.6261,0.8046738469715541
2625,28.637,0.8048602363143554
2626,28.6479,0.8049844718999243
2627,28.6588,0.8051707893360265
2628,28.6698,0.8053570636680354
2629,28.6807,0.8055432949258532
2630,28.6916,0.8057294831393474
2631,28.7025,0.8059156283383515
2632,28.7134,0.8060397012554655
2633,28.7243,0.8062877898120497
2634,28.7352,0.8064738061462381
2635,28.7461,0.8066597795849252
2636,28.757,0.8068457101577724
2637,28.7679,0.8069696400732805
2638,28.7788,0.8071554992688831
2639,28.7898,0.8073413156775764
2640,28.8007,0.8075270893288967
2641,28.8116,0.8076509146902515
2642,28.8225,0.8078366171448284
2643,28.8334,0.8080222769206304
2644,28.8443,0.80820789404707
2645,28.8552,0.8083934685535256
2646,28.8661,0.8085171612278863
2647,28.877,0.80876448982383
2648,28.8879,0.8089499366462674
2649,28.8989,0.809135340965898
2650,28.9098,0.8092589202474076
2651,28.9207,0.8094442537939225
2652,28.9316,0.8096295449154508
2653,28.9425,0.8097530487747483
2654,28.9534,0.8099382692526635
2655,28.9643,0.8101234473831751
2656,28.9752,0.8103085831953157
2657,28.9861,0.8104319835741923
2658,28.997,0.8106170489201421
2659,29.0079,0.8108020720249794
2660,29.0189,0.8109870529176159
2661,29.0298,0.8111719916269299
2662,29.0407,0.8113568881817668
2663,29.0516,0.8115417426109393
2664,29.0625,0.8116649555081209
2665,29.0734,0.8118497397917918
2666,29.0843,0.8120344820264715
2667,29.0952,0.8121576201698781
2668,29.1061,0.8123422923866515
2669,29.117,0.812526922630875
2670,29.1279,0.8126499861564017
2671,29.1389,0.8128345465099278
2672,29.1498,0.8130190649671138
2673,29.1607,0.8131420540102449
2674,29.1716,0.8133879763065102
2675,29.1825,0.8135723692456621
2676,29.1934,0.8136952746575342
2677,29.2043,0.8138795979750322
2678,29.2152,0.8140638795573722
2679,29.2261,0.814186710773395
2680,29.237,0.8143709228600933
2681,29.248,0.8145550932871268
2682,29.2589,0.8146778504415104
2683,29.2698,0.8148619514985345
2684,29.2807,0.8149846624323676
2685,29.2916,0.8151686941977102
2686,29.3025,0.8153526844255803
2687,29.3134,0.8154753215150045
2688,29.3243,0.8157205403813245
2689,29.3352,0.8159044061653301
2690,29.3461,0.8160269603389338
2691,29.357,0.8162107570964744
2692,29.368,0.816333265278342
2693,29.3789,0.8165169930871004
2694,29.3898,0.8167006795638166
2695,29.4007,0.8168231142664855
2696,29.4116,0.8170067319184096
2697,29.4225,0.8171291207636648
2698,29.4334,0.8173126696681019
2699,29.4443,0.8174961773610933
2700,29.4552,0.817618492941543
2701,29.4661,0.8178019320104348
2702,29.477,0.8179853299418027
2703,29.488,0.8181686867633104
2704,29.4989,0.8182909018191513
2705,29.5098,0.8184741901856161
2706,29.5207,0.8185963596303125
2707,29.5316,0.8187795796183488
2708,29.5425,0.8189627586160435
2709,29.5534,0.8190848551890091
2710,29.5643,0.8192679659305616
2711,29.5752,0.8193900170248598
2712,29.5861,0.8195730595865142
2713,29.597,0.8196950652529268
2714,29.608,0.8198780397107852
2715,29.6189,0.82
2716,29.6298,0.8202438661763952
2717,29.6407,0.8203657720797474
2718,29.6516,0.8205485969764374
2719,29.6625,0.8206704576137733
2720,29.6734,0.8208532146492453
2721,29.6843,0.8209750300709517
2722,29.6952,0.8211577193207161
2723,29.7061,0.8212794895770867
2724,29.7171,0.821462111116514
2725,29.728,0.8215838362577492
2726,29.7389,0.8217663901620703
2727,29.7498,0.8218880702382777
2728,29.7607,0.8220705565825844
2729,29.7716,0.8221921916437787
2730,29.7825,0.8223746105030237
2731,29.7934,0.8225569889071517
2732,29.8043,0.8227393268830657
2733,29.8152,0.8228608630868284
2734,29.8261,0.8230431337420901
2735,29.8371,0.8231646250902671
2736,29.848,0.8233468284993877
2737,29.8589,0.8234682750416072
2738,29.8698,0.82365041127896
2739,29.8807,0.8237718130647589
2740,29.8916,0.8239538822045807
2741,29.9025,0.8240752392834043
2742,29.9134,0.8241965784932621
2743,29.9243,0.8243785538209979
2744,29.9352,0.8244998483929515
2745,29.9461,0.8246817568007674
2746,29.9571,0.8248636250920512
2747,29.968,0.8250454532933322
2748,29.9789,0.8251666498350501
2749,29.9898,0.8252878285786117
2750,30.0007,0.8254695633395577
2751,30.0116,0.8255906976220118
2752,30.0225,0.8257723657279893
2753,30.0334,0.8258934555982388
2754,30.0443,0.8260750571225354
2755,30.0552,0.8261961026293939
2756,30.0662,0.8263171304045439
2757,30.0771,0.8264986388373546
2758,30.088,0.8266196223173026
2759,30.0989,0.8268010643437755
2760,30.1098,0.826922003577121
2761,30.1207,0.8271033792700886
2762,30.1316,0.8272847151978574
2763,30.1425,0.8274055837375042
2764,30.1534,0.8275264346230881
2765,30.1643,0.8277076778670113
2766,30.1752,0.8278284846512591
2767,30.1862,0.8280096617793781
2768,30.1971,0.8281304245105356
2769,30.208,0.8282511696339463
2770,30.2189,0.8284322543213778
2771,30.2298,0.8285529554590944
2772,30.2407,0.828673639015988
2773,30.2516,0.8288546314040841
2774,30.2625,0.8289752710425082
2775,30.2734,0.82915619758885
2776,30.2843,0.8293370846646133
2777,30.2952,0.8294576541331089
2778,30.3062,0.8296384754819415
2779,30.3171,0.8297590011563598
2780,30.328,0.8298795093265046
2781,30.3389,0.8300602387778854
2782,30.3498,0.8301807032206904
2783,30.3607,0.8303011501858829
2784,30.3716,0.8304817878797824
2785,30.3825,0.8306021911842034
2786,30.3934,0.8307225770376053
2787,30.4043,0.8308429454475738
2788,30.4153,0.8310234653726692
2789,30.4262,0.831143790207206
2790,30.4371,0.8312640976248162
2791,30.448,0.8314445261110329
2792,30.4589,0.8316249154516716
2793,30.4698,0.831745153277132
2794,30.4807,0.8319254774317228
2795,30.4916,0.8320456718233681
2796,30.5025,0.8321658488546619
2797,30.5134,0.8323460818673925
2798,30.5243,0.8324662155306964
2799,30.5353,0.8325863318599459
2800,30.5462,0.8327064308626421
2801,30.5571,0.8328865468957942
2802,30.568,0.8330066026148892
2803,30.5789,0.8331266410336425
2804,30.5898,0.8332466621595312
2805,30.6007,0.8334266614405853
2806,30.6116,0.8335466393669883
2807,30.6225,0.8336666000266533
2808,30.6334,0.8339064695755753
2809,30.6443,0.8340263784797217
2810,30.6553,0.8341462701469089
2811,30.6662,0.8342661445845684
2812,30.6771,0.834445923951936
2813,30.688,0.834565755348253
2814,30.6989,0.8346855695410098
2815,30.7098,0.834805366537614
2816,30.7207,0.8349251463454672
2817,30.7316,0.8351047838445186
2818,30.7425,0.835224520712844
2819,30.7534,0.835344240418284
2820,30.7643,0.8354639429682169
2821,30.7753,0.8356434646426669
2822,30.7862,0.8357631243360765
2823,30.7971,0.8358827668997609
2824,30.808,0.8360621986431392
2825,30.8189,0.8362415918859812
2826,30.8298,0.8363611660042568
2827,30.8407,0.8364807230295268
2828,30.8516,0.8366002629691195
2829,30.8625,0.8367197858303579
2830,30.8734,0.8368990381163071
2831,30.8844,0.8370185183136631
2832,30.8953,0.837137981458254
2833,30.9062,0.8372574275573791
2834,30.9171,0.8373768566183328
2835,30.928,0.8375559682791354
2836,30.9389,0.8376753547765388
2837,30.9498,0.8377947242612596
2838,30.9607,0.8379140767405688
2839,30.9716,0.8380334122217323
2840,30.9825,0.8382123835878351
2841,30.9934,0.8383913167489272
2842,31.0044,0.838510584310061
2843,31.0153,0.8386298349093001
2844,31.0262,0.8387490685538792
2845,31.0371,0.838868285251028
2846,31.048,0.8389874850079707
2847,31.0589,0.8391662528962899
2848,31.0698,0.8392854103342914
2849,31.0807,0.8394045508573325
2850,31.0916,0.8395236744726142
2851,31.1025,0.8396427811873333
2852,31.1134,0.8397618710086806
2853,31.1244,0.8399404740813482
2854,31.1353,0.8400595217006948
2855,31.1462,0.8401785524517987
2856,31.1571,0.8402975663418286
2857,31.168,0.8404760555780277
2858,31.1789,0.8405950273467003
2859,31.1898,0.8407139822793481
2860,31.2007,0.8408329203831163
2861,31.2116,0.8410112960002379
2862,31.2225,0.8411301920630361
2863,31.2335,0.8412490713219243
2864,31.2444,0.8413679337840253
2865,31.2553,0.841486779456457
2866,31.2662,0.8416056083463322
2867,31.2771,0.8417244204607586
2868,31.288,0.841843215806839
2869,31.2989,0.8419619943916709
2870,31.3098,0.8421401308570919
2871,31.3207,0.8422588675698226
2872,31.3316,0.8423775875461075
2873,31.3425,0.8424962907930218
2874,31.3535,0.8426743143112884
2875,31.3644,0.8427929757656978
2876,31.3753,0.8429116205154606
2877,31.3862,0.84303024856763
2878,31.3971,0.8431488599292536
2879,31.408,0.8432674546073743
2880,31.4189,0.8433860326090301
2881,31.4298,0.8435638683585257
2882,31.4407,0.8436824046997781
2883,31.4516,0.8438009243891595
2884,31.4625,0.8439194274336858
2885,31.4735,0.8440379138403677
2886,31.4844,0.8441563836162113
2887,31.4953,0.8442748367682174
2888,31.5062,0.8443932733033821
2889,31.5171,0.8445116932286966
2890,31.528,0.8446300965511471
2891,31.5389,0.8448076704197234
2892,31.5498,0.844926032265547
2893,31.5607,0.8450443775329199
2894,31.5716,0.8451627062288066
2895,31.5826,0.8452810183601664
2896,31.5935,0.845399313933954
2897,31.6044,0.8455175929571188
2898,31.6153,0.8456358554366058
2899,31.6262,0.84581321815162
2900,31.6371,0.845931439302264
2901,31.648,0.8460496439334987
2902,31.6589,0.8461678320522472
2903,31.6698,0.8462860036654275
2904,31.6807,0.8464041587799531
2905,31.6916,0.8465222974027323
2906,31.7026,0.8466404195406689
2907,31.7135,0.846758525200662
2908,31.7244,0.8469356528095863
2909,31.7353,0.8470537173048708
2910,31.7462,0.8471717653463199
2911,31.7571,0.8472897969408105
2912,31.768,0.8474078120952155
2913,31.7789,0.8475258108164022
2914,31.7898,0.8476437931112337
2915,31.8007,0.8477617589865681
2916,31.8116,0.8478797084492588
2917,31.8226,0.8479976415061542
2918,31.8335,0.8481155581640983
2919,31.8444,0.8482334584299301
2920,31.8553,0.848351342310484
2921,31.8662,0.8484692098125894
2922,31.8771,0.8485870609430715
2923,31.888,0.8487048957087499
2924,31.8989,0.8488227141164403
2925,31.9098,0.8489405161729531
2926,31.9207,0.8491171886141512
2927,31.9316,0.8492349498224858
2928,31.9426,0.8492938243034621
2929,31.9535,0.8494115610232769
2930,31.9644,0.8495292814258965
2931,31.9753,0.8496469855181032
2932,31.9862,0.8497646733066749
2933,31.9971,0.8498823447983844
2934,32.008,0.85
2935,32.0189,0.8501176389182853
2936,32.0298,0.8502352615599991
2937,32.0407,0.8503528679318957
2938,32.0517,0.8504704580407247
2939,32.0626,0.850588031893231
2940,32.0735,0.8507055894961547
2941,32.0844,0.8508231308562315
2942,32.0953,0.8509406559801923
2943,32.1062,0.8510581648747635
2944,32.1171,0.8512343978012167
2945,32.128,0.8513518661517105
2946,32.1389,0.85146931829632
2947,32.1498,0.8515280382935139
2948,32.1607,0.8516454661418682
2949,32.1717,0.8517628778010932
2950,32.1826,0.8518802732778826
2951,32.1935,0.8519976525789258
2952,32.2044,0.8521150157109074
2953,32.2153,0.8522323626805075
2954,32.2262,0.8523496934944014
2955,32.2371,0.8524670081592601
2956,32.248,0.8525843066817498
2957,32.2589,0.8527015890685322
2958,32.2698,0.8528188553262644
2959,32.2807,0.8528774824088159
2960,32.2917,0.8529947244854449
2961,32.3026,0.8531119504496465
2962,32.3135,0.8532291603080616
2963,32.3244,0.8534049449118513
2964,32.3353,0.8535221145348256
2965,32.3462,0.8536392680752216
2966,32.3571,0.8537564055396598
2967,32.368,0.8538735269347563
2968,32.3789,0.8539320816083678
2969,32.3898,0.854049178911847
2970,32.4008,0.854166260162505
2971,32.4117,0.8542833253669417
2972,32.4226,0.8544003745317531
2973,32.4335,0.8545174076635302
2974,32.4444,0.8546344247688599
2975,32.4553,0.8547514258543241
2976,32.4662,0.8548099203916623
2977,32.4771,0.85492689745966
2978,32.488,0.8550438585242279
2979,32.4989,0.8551608035919326
2980,32.5098,0.8552777326693359
2981,32.5208,0.8553946457629952
2982,32.5317,0.8555699854482975
2983,32.5426,0.8556284240252892
2984,32.5535,0.8557452892070163
2985,32.5644,0.8558621384311844
2986,32.5753,0.8559789717043287
2987,32.5862,0.8560957890329797
2988,32.5971,0.8562125904236634
2989,32.608,0.8563293758829017
2990,32.6189,0.8563877626402656
2991,32.6298,0.8565045242145543
2992,32.6408,0.8566212698736823
2993,32.6517,0.8567379996241558
2994,32.6626,0.8568547134724765
2995,32.6735,0.856971411425142
2996,32.6844,0.8570297544426331
2997,32.6953,0.8571464285639881
2998,32.7062,0.8572630868059117
2999,32.7171,0.8573797291748855
